Time_index,Demand-z1,Demand-z2
1,12507.44199,6253.7
2,11701.8517,5850.9
3,11302.44139,5651.2
4,11122.56169,5561.3
5,11166.08097,5583.0
6,11571.29385,5785.6
7,12753.08416,6376.5
8,14856.51618,7428.3
9,16028.63555,8014.3
10,16214.31782,8107.2
11,16338.106,8169.1
12,16481.23609,8240.6
13,16509.28185,8254.6
14,16452.22323,8226.1
15,16420.30909,8210.2
16,16361.31629,8180.7
17,16589.55075,8294.8
18,17898.99763,8949.5
19,19303.21983,9651.6
20,19338.03526,9669.0
21,19007.28871,9503.6
22,18386.4136,9193.2
23,17296.49733,8648.2
24,15841.01908,7920.5
25,13548.0364,6774.0
26,12659.27593,6329.6
27,12139.94582,6070.0
28,11903.97459,5952.0
29,11835.31084,5917.7
30,12130.27487,6065.1
31,13162.16543,6581.1
32,15051.86941,7525.9
33,16164.99597,8082.5
34,16345.84276,8172.9
35,16359.3821,8179.7
36,16346.80986,8173.4
37,16282.98158,8141.5
38,16185.30496,8092.7
39,16182.40368,8091.2
40,16123.41087,8061.7
41,16264.60677,8132.3
42,17188.18267,8594.1
43,18034.39095,9017.2
44,17819.69582,8909.8
45,17276.18833,8638.1
46,16453.19033,8226.6
47,15259.79488,7629.9
48,13741.45544,6870.7
49,13039.34434,6519.7
50,12214.41215,6107.2
51,11762.7787,5881.4
52,11546.14938,5773.1
53,11512.30105,5756.2
54,11829.50827,5914.8
55,12913.62196,6456.8
56,14942.58766,7471.3
57,16048.94454,8024.5
58,16160.16049,8080.1
59,16135.98311,8068.0
60,16067.31935,8033.7
61,15870.99903,7935.5
62,15601.17947,7800.6
63,15371.97792,7686.0
64,15125.36865,7562.7
65,15032.52751,7516.3
66,15550.89053,7775.4
67,17001.5333,8500.8
68,17200.75491,8600.4
69,16796.50912,8398.3
70,16107.93735,8054.0
71,15008.35013,7504.2
72,13560.60864,6780.3
73,11921.38231,5960.7
74,11107.08816,5553.5
75,10695.10562,5347.6
76,10507.48915,5253.7
77,10517.1601,5258.6
78,10869.18275,5434.6
79,12002.6183,6001.3
80,14125.39223,7062.7
81,15221.11107,7610.6
82,15430.00363,7715.0
83,15578.93629,7789.5
84,15726.90185,7863.5
85,15748.17794,7874.1
86,15694.02061,7847.0
87,15674.67871,7837.3
88,15620.52138,7810.3
89,15763.65147,7881.8
90,16454.15743,8227.1
91,17474.44284,8737.2
92,17504.42279,8752.2
93,17123.38729,8561.7
94,16482.20319,8241.1
95,15422.26687,7711.1
96,14017.07757,7008.5
97,12701.82812,6350.9
98,11865.29079,5932.6
99,11470.71595,5735.4
100,11322.75039,5661.4
101,11354.66453,5677.3
102,11712.48975,5856.2
103,12816.91245,6408.5
104,14798.49047,7399.2
105,15807.17075,7903.6
106,15952.23503,7976.1
107,15861.32808,7930.7
108,15827.47975,7913.7
109,15695.9548,7848.0
110,15420.33268,7710.2
111,15201.76916,7600.9
112,14931.94961,7466.0
113,14820.73366,7410.4
114,15280.10387,7640.1
115,16741.38469,8370.7
116,17161.104,8580.6
117,16734.61503,8367.3
118,16003.49107,8001.7
119,14841.04266,7420.5
120,13456.16236,6728.1
121,12698.92683,6349.5
122,11863.3566,5931.7
123,11456.20952,5728.1
124,11260.8563,5630.4
125,11270.52725,5635.3
126,11646.72728,5823.4
127,12830.45178,6415.2
128,14896.16709,7448.1
129,15854.55841,7927.3
130,15863.26227,7931.6
131,15760.75018,7880.4
132,15677.57999,7838.8
133,15494.799,7747.4
134,15238.51878,7619.3
135,15072.17841,7536.1
136,14841.04266,7420.5
137,14790.75371,7395.4
138,15231.74912,7615.9
139,16599.2217,8299.6
140,17119.51891,8559.8
141,16822.62069,8411.3
142,16258.8042,8129.4
143,15240.45297,7620.2
144,13855.57267,6927.8
145,12016.15764,6008.1
146,11229.90925,5615.0
147,10789.88094,5394.9
148,10576.15291,5288.1
149,10570.35034,5285.2
150,10882.72208,5441.4
151,11836.27793,5918.1
152,13410.70889,6705.4
153,14603.13725,7301.6
154,15336.19539,7668.1
155,15715.29671,7857.6
156,15976.41241,7988.2
157,16048.94454,8024.5
158,15953.20212,7976.6
159,15900.97898,7950.5
160,15782.99337,7891.5
161,15707.55994,7853.8
162,16000.58978,8000.3
163,16669.81965,8334.9
164,16693.99703,8347.0
165,16158.2263,8079.1
166,15465.78615,7732.9
167,14568.32182,7284.2
168,13421.34693,6710.7
169,11770.51546,5885.3
170,10903.03108,5451.5
171,10414.64801,5207.3
172,10210.59093,5105.3
173,10152.56522,5076.3
174,10400.14159,5200.1
175,11398.18381,5699.1
176,13313.03227,6656.5
177,14518.03287,7259.0
178,14901.00256,7450.5
179,15100.22417,7550.1
180,15272.36711,7636.2
181,15294.6103,7647.3
182,15184.36145,7592.2
183,15114.7306,7557.4
184,14923.24575,7461.6
185,14779.14857,7389.6
186,14751.10281,7375.6
187,14792.6879,7396.3
188,14937.75218,7468.9
189,15305.24835,7652.6
190,14887.46323,7443.7
191,14109.9187,7055.0
192,13012.26567,6506.1
193,11427.19667,5713.6
194,10587.75805,5293.9
195,10132.25622,5066.1
196,9908.857234,4954.4
197,9865.337951,4932.7
198,10159.33489,5079.7
199,11173.81773,5586.9
200,13121.54743,6560.8
201,14272.39069,7136.2
202,14592.4992,7296.2
203,14816.86528,7408.4
204,14989.97532,7495.0
205,15027.69203,7513.8
206,14926.14704,7463.1
207,14843.94395,7422.0
208,14614.74239,7307.4
209,14522.86835,7261.4
210,14638.91977,7319.5
211,14917.44318,7458.7
212,15190.16402,7595.1
213,15696.9219,7848.5
214,15401.95787,7701.0
215,14403.91564,7202.0
216,12991.95667,6496.0
217,11187.35706,5593.7
218,10391.43773,5195.7
219,9979.455182,4989.7
220,9787.003241,4893.5
221,9788.937431,4894.5
222,10131.28913,5065.6
223,11234.74473,5617.4
224,13104.13971,6552.1
225,14193.08889,7096.5
226,14420.35626,7210.2
227,14526.73673,7263.4
228,14599.26887,7299.6
229,14550.91411,7275.5
230,14393.27759,7196.6
231,14298.50226,7149.3
232,14045.12333,7022.6
233,13844.93462,6922.5
234,13812.05339,6906.0
235,13898.12486,6949.1
236,13979.36085,6989.7
237,14662.13005,7331.1
238,14816.86528,7408.4
239,14036.41947,7018.2
240,12750.18288,6375.1
241,11130.29845,5565.1
242,10269.58374,5134.8
243,9747.352338,4873.7
244,9461.092165,4730.5
245,9355.67879,4677.8
246,9400.165168,4700.1
247,9688.359532,4844.2
248,10153.53231,5076.8
249,11004.57607,5502.3
250,11988.11187,5994.1
251,12603.18441,6301.6
252,12808.20859,6404.1
253,12926.1942,6463.1
254,12818.84664,6409.4
255,12356.57514,6178.3
256,11886.56688,5943.3
257,11633.18794,5816.6
258,11569.35966,5784.7
259,11693.14784,5846.6
260,12015.19054,6007.6
261,12940.70063,6470.4
262,13403.93922,6702.0
263,12687.32169,6343.7
264,11585.80028,5792.9
265,10840.16989,5420.1
266,10019.10608,5009.6
267,9549.097826,4774.5
268,9304.422745,4652.2
269,9263.804748,4631.9
270,9528.788827,4764.4
271,10382.73387,5191.4
272,11701.8517,5850.9
273,12931.02968,6465.5
274,13508.3855,6754.2
275,13872.01329,6936.0
276,14137.96446,7069.0
277,14260.78555,7130.4
278,14228.87141,7114.4
279,14236.60817,7118.3
280,14128.29351,7064.1
281,14000.63695,7000.3
282,13975.49247,6987.7
283,13923.26933,6961.6
284,13759.83025,6879.9
285,14034.48528,7017.2
286,14351.6925,7175.8
287,13485.17522,6742.6
288,12162.18901,6081.1
289,11019.0825,5509.5
290,10179.64388,5089.8
291,9765.727147,4882.9
292,9544.26235,4772.1
293,9501.710162,4750.9
294,9787.003241,4893.5
295,10762.80228,5381.4
296,12366.24609,6183.1
297,13568.3454,6784.2
298,13976.45957,6988.2
299,14195.02308,7097.5
300,14359.42926,7179.7
301,14351.6925,7175.8
302,14250.14751,7125.1
303,14206.62822,7103.3
304,14043.18914,7021.6
305,13885.55262,6942.8
306,13902.96034,6951.5
307,13990.966,6995.5
308,14005.47242,7002.7
309,14410.68531,7205.3
310,14780.11567,7390.1
311,13856.53977,6928.3
312,12435.87694,6217.9
313,12008.42087,6004.2
314,11087.74626,5543.9
315,10485.24596,5242.6
316,10135.15751,5067.6
317,9956.244898,4978.1
318,9979.455182,4989.7
319,10083.90146,5042.0
320,10536.50201,5268.3
321,11427.19667,5713.6
322,12659.27593,6329.6
323,13771.43539,6885.7
324,14575.09149,7287.5
325,15177.59178,7588.8
326,15612.78462,7806.4
327,15780.09208,7890.0
328,15890.34093,7945.2
329,16014.12912,8007.1
330,16236.56101,8118.3
331,16408.70395,8204.4
332,16218.1862,8109.1
333,16013.16202,8006.6
334,16228.82425,8114.4
335,15493.83191,7746.9
336,13920.36805,6960.2
337,12125.43939,6062.7
338,11151.57454,5575.8
339,10560.67939,5280.3
340,10227.03155,5113.5
341,10114.84851,5057.4
342,10311.16883,5155.6
343,10918.5046,5459.3
344,12293.71395,6146.9
345,13798.51406,6899.3
346,14768.51052,7384.3
347,15458.04939,7729.0
348,16044.10907,8022.1
349,16412.57233,8206.3
350,16581.81399,8290.9
351,16841.96259,8421.0
352,16924.16568,8462.1
353,16909.65926,8454.8
354,16879.67931,8439.8
355,16753.95693,8377.0
356,16397.09881,8198.5
357,16053.78002,8026.9
358,16022.83297,8011.4
359,15642.76457,7821.4
360,14244.34493,7122.2
361,16132.11473,8066.1
362,14783.01695,7391.5
363,13822.69144,6911.3
364,13183.44152,6591.7
365,12749.21578,6374.6
366,12507.44199,6253.7
367,12320.79262,6160.4
368,12694.09136,6347.0
369,13896.19067,6948.1
370,15519.94348,7760.0
371,17124.35439,8562.2
372,18529.54369,9264.8
373,19661.04505,9830.5
374,20320.60396,10160.3
375,20446.32634,10223.2
376,20475.33919,10237.7
377,20498.54948,10249.3
378,20520.79266,10260.4
379,20509.18752,10254.6
380,20176.50678,10088.3
381,19880.57565,9940.3
382,19938.60137,9969.3
383,19215.21417,9607.6
384,17722.9863,8861.5
385,16499.6109,8249.8
386,15265.59745,7632.8
387,14485.15163,7242.6
388,14040.28785,7020.1
389,13819.79015,6909.9
390,13990.966,6995.5
391,14698.87967,7349.4
392,15975.44531,7987.7
393,17729.75597,8864.9
394,19119.47175,9559.7
395,20115.57978,10057.8
396,20697.77108,10348.9
397,21144.56906,10572.3
398,21412.45442,10706.2
399,21675.50431,10837.8
400,21775.11512,10887.6
401,21815.73311,10907.9
402,21728.69455,10864.3
403,21351.52743,10675.8
404,20533.3649,10266.7
405,19666.84762,9833.4
406,19433.77768,9716.9
407,18348.69689,9174.3
408,16460.92709,8230.5
409,15303.31416,7651.7
410,13980.32795,6990.2
411,13121.54743,6560.8
412,12573.20446,6286.6
413,12290.81267,6145.4
414,12374.94995,6187.5
415,13057.71915,6528.9
416,14246.27912,7123.1
417,15884.53836,7942.3
418,17178.51172,8589.3
419,18296.47375,9148.2
420,19192.97098,9596.5
421,19813.84609,9906.9
422,20171.6713,10085.8
423,20426.98443,10213.5
424,20489.84562,10244.9
425,20421.18186,10210.6
426,20386.36643,10193.2
427,20168.77002,10084.4
428,19667.81471,9833.9
429,19344.80492,9672.4
430,19489.8692,9744.9
431,18462.81412,9231.4
432,16801.3446,8400.7
433,15166.95374,7583.5
434,13865.24362,6932.6
435,13058.68624,6529.3
436,12564.5006,6282.3
437,12336.26614,6168.1
438,12437.81113,6218.9
439,13186.34281,6593.2
440,14441.63235,7220.8
441,15833.28232,7916.6
442,16971.55335,8485.8
443,18014.08195,9007.0
444,18991.81518,9495.9
445,19680.38695,9840.2
446,20110.74431,10055.4
447,20524.66105,10262.3
448,20728.71813,10364.4
449,20818.65798,10409.3
450,20857.34179,10428.7
451,20646.51504,10323.3
452,19959.87746,9979.9
453,19352.54169,9676.3
454,19305.15402,9652.6
455,18198.79713,9099.4
456,16475.43352,8237.7
457,12283.07591,6141.5
458,11349.82905,5674.9
459,10760.86809,5380.4
460,10382.73387,5191.4
461,10198.98579,5099.5
462,10220.26188,5110.1
463,10670.92824,5335.5
464,11021.98379,5511.0
465,11717.32522,5858.7
466,12783.06411,6391.5
467,13841.06624,6920.5
468,14648.59072,7324.3
469,15144.71055,7572.4
470,15420.33268,7710.2
471,15579.90338,7790.0
472,15694.02061,7847.0
473,15792.66432,7896.3
474,15994.78721,7997.4
475,16136.95021,8068.5
476,15994.78721,7997.4
477,16323.59958,8161.8
478,16253.96872,8127.0
479,15136.00669,7568.0
480,13667.95621,6834.0
481,12697.95974,6349.0
482,11672.83885,5836.4
483,11051.96374,5526.0
484,10672.86243,5336.4
485,10474.60792,5237.3
486,10463.00277,5231.5
487,10788.91385,5394.5
488,11308.24396,5654.1
489,12091.59106,6045.8
490,13122.51452,6561.3
491,13822.69144,6911.3
492,14158.27346,7079.1
493,14257.88427,7128.9
494,14256.91717,7128.5
495,14149.56961,7074.8
496,14044.15623,7022.1
497,13990.966,6995.5
498,14025.78142,7012.9
499,14030.6169,7015.3
500,13943.57833,6971.8
501,14334.28479,7167.1
502,13983.22924,6991.6
503,13190.21119,6595.1
504,12168.95867,6084.5
505,11120.6275,5560.3
506,10266.68245,5133.3
507,9790.871622,4895.4
508,9535.558494,4767.8
509,9468.828926,4734.4
510,9704.80015,4852.4
511,10647.71795,5323.9
512,12421.37052,6210.7
513,13501.61583,6750.8
514,14007.40661,7003.7
515,14346.85702,7173.4
516,14630.21591,7315.1
517,14744.33314,7372.2
518,14761.74086,7380.9
519,14791.72081,7395.9
520,14725.95833,7363.0
521,14629.24882,7314.6
522,14584.76244,7292.4
523,14482.25035,7241.1
524,14518.99997,7259.5
525,14959.02827,7479.5
526,14469.67811,7234.8
527,13557.70736,6778.9
528,12376.88414,6188.4
529,10562.61358,5281.3
530,9786.036146,4893.0
531,9362.448456,4681.2
532,9160.325563,4580.2
533,9132.279803,4566.1
534,9446.585737,4723.3
535,10489.11434,5244.6
536,12398.16023,6199.1
537,13511.28679,6755.6
538,13956.15057,6978.1
539,14293.66679,7146.8
540,14607.00563,7303.5
541,14740.46476,7370.2
542,14749.16862,7374.6
543,14761.74086,7380.9
544,14669.86681,7334.9
545,14584.76244,7292.4
546,14625.38044,7312.7
547,14871.02261,7435.5
548,15434.8391,7717.4
549,15741.40828,7870.7
550,15050.90232,7525.5
551,13865.24362,6932.6
552,12400.09442,6200.0
553,10760.86809,5380.4
554,10005.56675,5002.8
555,9627.432536,4813.7
556,9445.618642,4722.8
557,9445.618642,4722.8
558,9745.418148,4872.7
559,10800.51899,5400.3
560,12805.3073,6402.7
561,13971.62409,6985.8
562,14439.69816,7219.8
563,14807.19433,7403.6
564,15119.56607,7559.8
565,15247.22264,7623.6
566,15225.94654,7613.0
567,15234.6504,7617.3
568,15097.32288,7548.7
569,14989.00822,7494.5
570,15075.0797,7537.5
571,15531.54862,7765.8
572,16294.58672,8147.3
573,16069.25354,8034.6
574,15297.51159,7648.8
575,14108.95161,7054.5
576,12651.53917,6325.8
577,10850.80794,5425.4
578,10013.30351,5006.7
579,9485.269544,4742.6
580,9192.239704,4596.1
581,9045.241236,4522.6
582,9057.813474,4528.9
583,9273.475699,4636.7
584,9789.904526,4895.0
585,10395.30611,5197.7
586,11334.35553,5667.2
587,12070.31497,6035.2
588,12418.46923,6209.2
589,12627.36179,6313.7
590,12692.15717,6346.1
591,12616.72374,6308.4
592,12553.86256,6276.9
593,12589.64508,6294.8
594,12896.21425,6448.1
595,13497.74745,6748.9
596,14530.60511,7265.3
597,14288.83131,7144.4
598,13808.18501,6904.1
599,12770.49188,6385.2
600,11565.49128,5782.7
601,11345.96067,5673.0
602,10503.62077,5251.8
603,9987.191944,4993.6
604,9719.306578,4859.7
605,9605.189347,4802.6
606,9683.524056,4841.8
607,10071.32922,5035.7
608,10866.28146,5433.1
609,11698.95042,5849.5
610,12539.35613,6269.7
611,13137.02095,6568.5
612,13317.86775,6658.9
613,13255.97366,6628.0
614,13086.732,6543.4
615,12857.53044,6428.8
616,12676.68364,6338.3
617,12604.15151,6302.1
618,12908.78649,6454.4
619,13750.1593,6875.1
620,14488.05292,7244.0
621,14184.38503,7092.2
622,13771.43539,6885.7
623,13143.79062,6571.9
624,12283.07591,6141.5
625,11838.21212,5919.1
626,11163.17968,5581.6
627,10821.79509,5410.9
628,10697.03981,5348.5
629,10763.76937,5381.9
630,11180.5874,5590.3
631,12367.21319,6183.6
632,14390.37631,7195.2
633,15429.03653,7714.5
634,15597.31109,7798.7
635,15547.02214,7773.5
636,15474.49001,7737.2
637,15338.12959,7669.1
638,15099.25708,7549.6
639,14959.99537,7480.0
640,14796.55628,7398.3
641,14912.60771,7456.3
642,16031.53683,8015.8
643,17202.6891,8601.3
644,17125.32148,8562.7
645,16738.48341,8369.2
646,16111.80573,8055.9
647,15004.48175,7502.2
648,13626.37111,6813.2
649,13019.03534,6509.5
650,12135.11034,6067.6
651,11698.95042,5849.5
652,11519.07071,5759.5
653,11527.77457,5763.9
654,11860.45531,5930.2
655,13003.56182,6501.8
656,15066.37584,7533.2
657,16013.16202,8006.6
658,16043.14197,8021.6
659,15952.23503,7976.1
660,15886.47255,7943.2
661,15756.8818,7878.4
662,15526.71315,7763.4
663,15435.8062,7717.9
664,15304.28125,7652.1
665,15490.93062,7745.5
666,16693.99703,8347.0
667,17772.30816,8886.2
668,17828.39968,8914.2
669,17493.78475,8746.9
670,16809.08136,8404.5
671,15684.34966,7842.2
672,14179.54956,7089.8
673,12445.5479,6222.8
674,11432.99924,5716.5
675,10831.46604,5415.7
676,10496.8511,5248.4
677,10360.49068,5180.2
678,10445.59506,5222.8
679,10862.41308,5431.2
680,11668.97046,5834.5
681,12637.99984,6319.0
682,13712.44258,6856.2
683,14432.92849,7216.5
684,14766.57633,7383.3
685,14789.78662,7394.9
686,14637.95267,7319.0
687,14415.52078,7207.8
688,14319.77836,7159.9
689,14504.49354,7252.2
690,15623.42266,7811.7
691,16221.08749,8110.5
692,15919.35379,7959.7
693,15401.95787,7701.0
694,14876.82518,7438.4
695,14132.16189,7066.1
696,13116.71195,6558.4
697,12865.2672,6432.6
698,11789.85736,5894.9
699,11265.69177,5632.8
700,10973.62903,5486.8
701,10896.26141,5448.1
702,11179.6203,5589.8
703,12255.03015,6127.5
704,14236.60817,7118.3
705,15479.32548,7739.7
706,15692.08642,7846.0
707,15782.99337,7891.5
708,15863.26227,7931.6
709,15837.1507,7918.6
710,15672.74452,7836.4
711,15605.04786,7802.5
712,15489.96353,7745.0
713,15671.77742,7835.9
714,16905.79087,8452.9
715,17829.36677,8914.7
716,17696.87473,8848.4
717,17292.62895,8646.3
718,16628.23456,8314.1
719,15533.48281,7766.7
720,14003.53823,7001.8
