Time_Index,Gas-z1,Gas-z2,Gas turbine-z1,Gas turbine-z2,Wind-z1,Wind-z2,Solar-z1,Solar-z2,Nuclear-z1,Nuclear-z2,Coal-z1,Coal-z2
1,1.0,1.0,1.0,1.0,0.763308138,0.686977,0.0,0.0,1.0,1.0,1.0,1.0
2,1.0,1.0,1.0,1.0,0.750113883,0.675102,0.0,0.0,1.0,1.0,1.0,1.0
3,1.0,1.0,1.0,1.0,0.729198684,0.656279,0.0,0.0,1.0,1.0,1.0,1.0
4,1.0,1.0,1.0,1.0,0.694957807,0.625462,0.0,0.0,1.0,1.0,1.0,1.0
5,1.0,1.0,1.0,1.0,0.664635076,0.598172,0.0,0.0,1.0,1.0,1.0,1.0
6,1.0,1.0,1.0,1.0,0.652681994,0.587414,0.0,0.0,1.0,1.0,1.0,1.0
7,1.0,1.0,1.0,1.0,0.654510032,0.589059,0.0,0.0,1.0,1.0,1.0,1.0
8,1.0,1.0,1.0,1.0,0.656831793,0.591149,0.033664686,0.030298,1.0,1.0,1.0,1.0
9,1.0,1.0,1.0,1.0,0.685611835,0.617051,0.269130372,0.242217,1.0,1.0,1.0,1.0
10,1.0,1.0,1.0,1.0,0.710704834,0.639634,0.423271241,0.380944,1.0,1.0,1.0,1.0
11,1.0,1.0,1.0,1.0,0.73184699,0.658662,0.405947109,0.365352,1.0,1.0,1.0,1.0
12,1.0,1.0,1.0,1.0,0.753444744,0.6781,0.385453311,0.346908,1.0,1.0,1.0,1.0
13,1.0,1.0,1.0,1.0,0.783215495,0.704894,0.415553129,0.373998,1.0,1.0,1.0,1.0
14,1.0,1.0,1.0,1.0,0.810086679,0.729078,0.49704918,0.447344,1.0,1.0,1.0,1.0
15,1.0,1.0,1.0,1.0,0.832747843,0.749473,0.510486648,0.459438,1.0,1.0,1.0,1.0
16,1.0,1.0,1.0,1.0,0.843621487,0.759259,0.215279193,0.193751,1.0,1.0,1.0,1.0
17,1.0,1.0,1.0,1.0,0.839757786,0.755782,0.00886383,0.007977,1.0,1.0,1.0,1.0
18,1.0,1.0,1.0,1.0,0.848142109,0.763328,0.0,0.0,1.0,1.0,1.0,1.0
19,1.0,1.0,1.0,1.0,0.847643654,0.762879,0.0,0.0,1.0,1.0,1.0,1.0
20,1.0,1.0,1.0,1.0,0.840592293,0.756533,0.0,0.0,1.0,1.0,1.0,1.0
21,1.0,1.0,1.0,1.0,0.835683266,0.752115,0.0,0.0,1.0,1.0,1.0,1.0
22,1.0,1.0,1.0,1.0,0.815284137,0.733756,0.0,0.0,1.0,1.0,1.0,1.0
23,1.0,1.0,1.0,1.0,0.792055638,0.71285,0.0,0.0,1.0,1.0,1.0,1.0
24,1.0,1.0,1.0,1.0,0.776937487,0.699244,0.0,0.0,1.0,1.0,1.0,1.0
25,1.0,1.0,1.0,1.0,0.820802607,0.738722,0.0,0.0,1.0,1.0,1.0,1.0
26,1.0,1.0,1.0,1.0,0.789883522,0.710895,0.0,0.0,1.0,1.0,1.0,1.0
27,1.0,1.0,1.0,1.0,0.753749588,0.678375,0.0,0.0,1.0,1.0,1.0,1.0
28,1.0,1.0,1.0,1.0,0.711332189,0.640199,0.0,0.0,1.0,1.0,1.0,1.0
29,1.0,1.0,1.0,1.0,0.665505007,0.598955,0.0,0.0,1.0,1.0,1.0,1.0
30,1.0,1.0,1.0,1.0,0.624366282,0.56193,0.0,0.0,1.0,1.0,1.0,1.0
31,1.0,1.0,1.0,1.0,0.586426221,0.527784,0.0,0.0,1.0,1.0,1.0,1.0
32,1.0,1.0,1.0,1.0,0.539233604,0.48531,0.012335571,0.011102,1.0,1.0,1.0,1.0
33,1.0,1.0,1.0,1.0,0.440360849,0.396325,0.111824686,0.100642,1.0,1.0,1.0,1.0
34,1.0,1.0,1.0,1.0,0.305368134,0.274831,0.211002772,0.189902,1.0,1.0,1.0,1.0
35,1.0,1.0,1.0,1.0,0.225098663,0.202589,0.228242764,0.205418,1.0,1.0,1.0,1.0
36,1.0,1.0,1.0,1.0,0.191535356,0.172382,0.219481193,0.197533,1.0,1.0,1.0,1.0
37,1.0,1.0,1.0,1.0,0.188362075,0.169526,0.192389489,0.173151,1.0,1.0,1.0,1.0
38,1.0,1.0,1.0,1.0,0.224959976,0.202464,0.157232283,0.141509,1.0,1.0,1.0,1.0
39,1.0,1.0,1.0,1.0,0.308364926,0.277528,0.117894895,0.106105,1.0,1.0,1.0,1.0
40,1.0,1.0,1.0,1.0,0.44832671,0.403494,0.059914694,0.053923,1.0,1.0,1.0,1.0
41,1.0,1.0,1.0,1.0,0.592127681,0.532915,0.005248365,0.004724,1.0,1.0,1.0,1.0
42,1.0,1.0,1.0,1.0,0.686716827,0.618045,0.0,0.0,1.0,1.0,1.0,1.0
43,1.0,1.0,1.0,1.0,0.741557399,0.667402,0.0,0.0,1.0,1.0,1.0,1.0
44,1.0,1.0,1.0,1.0,0.789217585,0.710296,0.0,0.0,1.0,1.0,1.0,1.0
45,1.0,1.0,1.0,1.0,0.818236909,0.736413,0.0,0.0,1.0,1.0,1.0,1.0
46,1.0,1.0,1.0,1.0,0.833868817,0.750482,0.0,0.0,1.0,1.0,1.0,1.0
47,1.0,1.0,1.0,1.0,0.842538233,0.758284,0.0,0.0,1.0,1.0,1.0,1.0
48,1.0,1.0,1.0,1.0,0.835800587,0.752221,0.0,0.0,1.0,1.0,1.0,1.0
49,1.0,1.0,1.0,1.0,0.294170387,0.264753,0.0,0.0,1.0,1.0,1.0,1.0
50,1.0,1.0,1.0,1.0,0.268092116,0.241283,0.0,0.0,1.0,1.0,1.0,1.0
51,1.0,1.0,1.0,1.0,0.250329322,0.225296,0.0,0.0,1.0,1.0,1.0,1.0
52,1.0,1.0,1.0,1.0,0.242206213,0.217986,0.0,0.0,1.0,1.0,1.0,1.0
53,1.0,1.0,1.0,1.0,0.249128385,0.224216,0.0,0.0,1.0,1.0,1.0,1.0
54,1.0,1.0,1.0,1.0,0.263513149,0.237162,0.0,0.0,1.0,1.0,1.0,1.0
55,1.0,1.0,1.0,1.0,0.27580273,0.248222,0.0,0.0,1.0,1.0,1.0,1.0
56,1.0,1.0,1.0,1.0,0.282352269,0.254117,0.045739849,0.041166,1.0,1.0,1.0,1.0
57,1.0,1.0,1.0,1.0,0.270865607,0.243779,0.20759727,0.186838,1.0,1.0,1.0,1.0
58,1.0,1.0,1.0,1.0,0.23452846,0.211076,0.318775797,0.286898,1.0,1.0,1.0,1.0
59,1.0,1.0,1.0,1.0,0.205963703,0.185367,0.377176797,0.339459,1.0,1.0,1.0,1.0
60,1.0,1.0,1.0,1.0,0.18877602,0.169898,0.388770769,0.349894,1.0,1.0,1.0,1.0
61,1.0,1.0,1.0,1.0,0.189577132,0.170619,0.397549377,0.357794,1.0,1.0,1.0,1.0
62,1.0,1.0,1.0,1.0,0.209718966,0.188747,0.402487708,0.362239,1.0,1.0,1.0,1.0
63,1.0,1.0,1.0,1.0,0.24429384,0.219864,0.369885403,0.332897,1.0,1.0,1.0,1.0
64,1.0,1.0,1.0,1.0,0.312626048,0.281363,0.214390889,0.192952,1.0,1.0,1.0,1.0
65,1.0,1.0,1.0,1.0,0.393469348,0.354122,0.037152369,0.033437,1.0,1.0,1.0,1.0
66,1.0,1.0,1.0,1.0,0.435034757,0.391531,0.0,0.0,1.0,1.0,1.0,1.0
67,1.0,1.0,1.0,1.0,0.459820986,0.413839,0.0,0.0,1.0,1.0,1.0,1.0
68,1.0,1.0,1.0,1.0,0.469260262,0.422334,0.0,0.0,1.0,1.0,1.0,1.0
69,1.0,1.0,1.0,1.0,0.481865898,0.433679,0.0,0.0,1.0,1.0,1.0,1.0
70,1.0,1.0,1.0,1.0,0.4973409,0.447607,0.0,0.0,1.0,1.0,1.0,1.0
71,1.0,1.0,1.0,1.0,0.516113785,0.464502,0.0,0.0,1.0,1.0,1.0,1.0
72,1.0,1.0,1.0,1.0,0.530040292,0.477036,0.0,0.0,1.0,1.0,1.0,1.0
73,1.0,1.0,1.0,1.0,0.538371818,0.484535,0.0,0.0,1.0,1.0,1.0,1.0
74,1.0,1.0,1.0,1.0,0.546930869,0.492238,0.0,0.0,1.0,1.0,1.0,1.0
75,1.0,1.0,1.0,1.0,0.566264207,0.509638,0.0,0.0,1.0,1.0,1.0,1.0
76,1.0,1.0,1.0,1.0,0.582842102,0.524558,0.0,0.0,1.0,1.0,1.0,1.0
77,1.0,1.0,1.0,1.0,0.596353147,0.536718,0.0,0.0,1.0,1.0,1.0,1.0
78,1.0,1.0,1.0,1.0,0.616470543,0.554823,0.0,0.0,1.0,1.0,1.0,1.0
79,1.0,1.0,1.0,1.0,0.640073688,0.576066,0.0,0.0,1.0,1.0,1.0,1.0
80,1.0,1.0,1.0,1.0,0.6496946,0.584725,0.017809861,0.016029,1.0,1.0,1.0,1.0
81,1.0,1.0,1.0,1.0,0.6268748,0.564187,0.097008163,0.087307,1.0,1.0,1.0,1.0
82,1.0,1.0,1.0,1.0,0.585064356,0.526558,0.157228805,0.141506,1.0,1.0,1.0,1.0
83,1.0,1.0,1.0,1.0,0.53541501,0.481874,0.179756511,0.161781,1.0,1.0,1.0,1.0
84,1.0,1.0,1.0,1.0,0.515199522,0.46368,0.190112869,0.171102,1.0,1.0,1.0,1.0
85,1.0,1.0,1.0,1.0,0.51966112,0.467695,0.211021305,0.189919,1.0,1.0,1.0,1.0
86,1.0,1.0,1.0,1.0,0.52866782,0.475801,0.257650999,0.231886,1.0,1.0,1.0,1.0
87,1.0,1.0,1.0,1.0,0.56072644,0.504654,0.308697439,0.277828,1.0,1.0,1.0,1.0
88,1.0,1.0,1.0,1.0,0.574684158,0.517216,0.252005158,0.226805,1.0,1.0,1.0,1.0
89,1.0,1.0,1.0,1.0,0.604646466,0.544182,0.05757524,0.051818,1.0,1.0,1.0,1.0
90,1.0,1.0,1.0,1.0,0.639791997,0.575813,0.0,0.0,1.0,1.0,1.0,1.0
91,1.0,1.0,1.0,1.0,0.650475154,0.585428,0.0,0.0,1.0,1.0,1.0,1.0
92,1.0,1.0,1.0,1.0,0.662968887,0.596672,0.0,0.0,1.0,1.0,1.0,1.0
93,1.0,1.0,1.0,1.0,0.662805768,0.596525,0.0,0.0,1.0,1.0,1.0,1.0
94,1.0,1.0,1.0,1.0,0.640670289,0.576603,0.0,0.0,1.0,1.0,1.0,1.0
95,1.0,1.0,1.0,1.0,0.617786434,0.556008,0.0,0.0,1.0,1.0,1.0,1.0
96,1.0,1.0,1.0,1.0,0.59003929,0.531035,0.0,0.0,1.0,1.0,1.0,1.0
97,1.0,1.0,1.0,1.0,0.575304016,0.517774,0.0,0.0,1.0,1.0,1.0,1.0
98,1.0,1.0,1.0,1.0,0.538433387,0.48459,0.0,0.0,1.0,1.0,1.0,1.0
99,1.0,1.0,1.0,1.0,0.505744956,0.45517,0.0,0.0,1.0,1.0,1.0,1.0
100,1.0,1.0,1.0,1.0,0.453400951,0.408061,0.0,0.0,1.0,1.0,1.0,1.0
101,1.0,1.0,1.0,1.0,0.394475254,0.355028,0.0,0.0,1.0,1.0,1.0,1.0
102,1.0,1.0,1.0,1.0,0.355742412,0.320168,0.0,0.0,1.0,1.0,1.0,1.0
103,1.0,1.0,1.0,1.0,0.333905566,0.300515,1.37e-05,1.2e-05,1.0,1.0,1.0,1.0
104,1.0,1.0,1.0,1.0,0.311722503,0.28055,0.040167616,0.036151,1.0,1.0,1.0,1.0
105,1.0,1.0,1.0,1.0,0.189466138,0.17052,0.183103664,0.164793,1.0,1.0,1.0,1.0
106,1.0,1.0,1.0,1.0,0.142179827,0.127962,0.319193153,0.287274,1.0,1.0,1.0,1.0
107,1.0,1.0,1.0,1.0,0.117916566,0.106125,0.345323968,0.310792,1.0,1.0,1.0,1.0
108,1.0,1.0,1.0,1.0,0.117340714,0.105607,0.330485679,0.297437,1.0,1.0,1.0,1.0
109,1.0,1.0,1.0,1.0,0.136567815,0.122911,0.326342824,0.293709,1.0,1.0,1.0,1.0
110,1.0,1.0,1.0,1.0,0.147979876,0.133182,0.310705891,0.279635,1.0,1.0,1.0,1.0
111,1.0,1.0,1.0,1.0,0.167872246,0.151085,0.272429486,0.245187,1.0,1.0,1.0,1.0
112,1.0,1.0,1.0,1.0,0.207551044,0.186796,0.161130512,0.145017,1.0,1.0,1.0,1.0
113,1.0,1.0,1.0,1.0,0.292386399,0.263148,0.026703707,0.024033,1.0,1.0,1.0,1.0
114,1.0,1.0,1.0,1.0,0.372990262,0.335691,0.0,0.0,1.0,1.0,1.0,1.0
115,1.0,1.0,1.0,1.0,0.405543747,0.364989,0.0,0.0,1.0,1.0,1.0,1.0
116,1.0,1.0,1.0,1.0,0.404972617,0.364475,0.0,0.0,1.0,1.0,1.0,1.0
117,1.0,1.0,1.0,1.0,0.408190218,0.367371,0.0,0.0,1.0,1.0,1.0,1.0
118,1.0,1.0,1.0,1.0,0.413194334,0.371875,0.0,0.0,1.0,1.0,1.0,1.0
119,1.0,1.0,1.0,1.0,0.431937618,0.388744,0.0,0.0,1.0,1.0,1.0,1.0
120,1.0,1.0,1.0,1.0,0.468269486,0.421443,0.0,0.0,1.0,1.0,1.0,1.0
121,1.0,1.0,1.0,1.0,0.497165301,0.447449,0.0,0.0,1.0,1.0,1.0,1.0
122,1.0,1.0,1.0,1.0,0.522988326,0.470689,0.0,0.0,1.0,1.0,1.0,1.0
123,1.0,1.0,1.0,1.0,0.529077122,0.476169,0.0,0.0,1.0,1.0,1.0,1.0
124,1.0,1.0,1.0,1.0,0.531289234,0.47816,0.0,0.0,1.0,1.0,1.0,1.0
125,1.0,1.0,1.0,1.0,0.557011427,0.50131,0.0,0.0,1.0,1.0,1.0,1.0
126,1.0,1.0,1.0,1.0,0.554112315,0.498701,0.0,0.0,1.0,1.0,1.0,1.0
127,1.0,1.0,1.0,1.0,0.548185116,0.493367,7.58e-05,6.8e-05,1.0,1.0,1.0,1.0
128,1.0,1.0,1.0,1.0,0.519995662,0.467996,0.124014985,0.111613,1.0,1.0,1.0,1.0
129,1.0,1.0,1.0,1.0,0.449147759,0.404233,0.500414998,0.450373,1.0,1.0,1.0,1.0
130,1.0,1.0,1.0,1.0,0.426036621,0.383433,0.632596702,0.569337,1.0,1.0,1.0,1.0
131,1.0,1.0,1.0,1.0,0.428871321,0.385984,0.589339624,0.530406,1.0,1.0,1.0,1.0
132,1.0,1.0,1.0,1.0,0.433039381,0.389735,0.543781003,0.489403,1.0,1.0,1.0,1.0
133,1.0,1.0,1.0,1.0,0.447010852,0.40231,0.541648913,0.487484,1.0,1.0,1.0,1.0
134,1.0,1.0,1.0,1.0,0.46508269,0.418574,0.595755815,0.53618,1.0,1.0,1.0,1.0
135,1.0,1.0,1.0,1.0,0.465149497,0.418635,0.635886744,0.572298,1.0,1.0,1.0,1.0
136,1.0,1.0,1.0,1.0,0.445133061,0.40062,0.469687142,0.422718,1.0,1.0,1.0,1.0
137,1.0,1.0,1.0,1.0,0.503983764,0.453585,0.104177458,0.09376,1.0,1.0,1.0,1.0
138,1.0,1.0,1.0,1.0,0.590148893,0.531134,3.11e-05,2.8e-05,1.0,1.0,1.0,1.0
139,1.0,1.0,1.0,1.0,0.623070627,0.560764,0.0,0.0,1.0,1.0,1.0,1.0
140,1.0,1.0,1.0,1.0,0.62461365,0.562152,0.0,0.0,1.0,1.0,1.0,1.0
141,1.0,1.0,1.0,1.0,0.620013186,0.558012,0.0,0.0,1.0,1.0,1.0,1.0
142,1.0,1.0,1.0,1.0,0.608081898,0.547274,0.0,0.0,1.0,1.0,1.0,1.0
143,1.0,1.0,1.0,1.0,0.584311138,0.52588,0.0,0.0,1.0,1.0,1.0,1.0
144,1.0,1.0,1.0,1.0,0.562022966,0.505821,0.0,0.0,1.0,1.0,1.0,1.0
145,1.0,1.0,1.0,1.0,0.495114342,0.445603,0.0,0.0,1.0,1.0,1.0,1.0
146,1.0,1.0,1.0,1.0,0.53131535,0.478184,0.0,0.0,1.0,1.0,1.0,1.0
147,1.0,1.0,1.0,1.0,0.569244523,0.51232,0.0,0.0,1.0,1.0,1.0,1.0
148,1.0,1.0,1.0,1.0,0.597554648,0.537799,0.0,0.0,1.0,1.0,1.0,1.0
149,1.0,1.0,1.0,1.0,0.629177346,0.56626,0.0,0.0,1.0,1.0,1.0,1.0
150,1.0,1.0,1.0,1.0,0.66473588,0.598262,0.0,0.0,1.0,1.0,1.0,1.0
151,1.0,1.0,1.0,1.0,0.686328019,0.617695,0.047233879,0.04251,1.0,1.0,1.0,1.0
152,1.0,1.0,1.0,1.0,0.685889954,0.617301,0.34803969,0.313236,1.0,1.0,1.0,1.0
153,1.0,1.0,1.0,1.0,0.661806779,0.595626,0.618446866,0.556602,1.0,1.0,1.0,1.0
154,1.0,1.0,1.0,1.0,0.642064437,0.577858,0.698777946,0.6289,1.0,1.0,1.0,1.0
155,1.0,1.0,1.0,1.0,0.641947353,0.577753,0.708321656,0.637489,1.0,1.0,1.0,1.0
156,1.0,1.0,1.0,1.0,0.65481375,0.589332,0.702661434,0.632395,1.0,1.0,1.0,1.0
157,1.0,1.0,1.0,1.0,0.666742685,0.600068,0.721957308,0.649762,1.0,1.0,1.0,1.0
158,1.0,1.0,1.0,1.0,0.688168242,0.619351,0.770490264,0.693441,1.0,1.0,1.0,1.0
159,1.0,1.0,1.0,1.0,0.715537196,0.643983,0.802418225,0.722176,1.0,1.0,1.0,1.0
160,1.0,1.0,1.0,1.0,0.760164321,0.684148,0.738049125,0.664244,1.0,1.0,1.0,1.0
161,1.0,1.0,1.0,1.0,0.843604529,0.759244,0.36676117,0.330085,1.0,1.0,1.0,1.0
162,1.0,1.0,1.0,1.0,0.899420068,0.809478,0.034225404,0.030803,1.0,1.0,1.0,1.0
163,1.0,1.0,1.0,1.0,0.90934825,0.818413,0.0,0.0,1.0,1.0,1.0,1.0
164,1.0,1.0,1.0,1.0,0.910620557,0.819559,0.0,0.0,1.0,1.0,1.0,1.0
165,1.0,1.0,1.0,1.0,0.911960698,0.820765,0.0,0.0,1.0,1.0,1.0,1.0
166,1.0,1.0,1.0,1.0,0.907911052,0.81712,0.0,0.0,1.0,1.0,1.0,1.0
167,1.0,1.0,1.0,1.0,0.902320951,0.812089,0.0,0.0,1.0,1.0,1.0,1.0
168,1.0,1.0,1.0,1.0,0.897812776,0.808031,0.0,0.0,1.0,1.0,1.0,1.0
169,1.0,1.0,1.0,1.0,0.711149425,0.640034,0.0,0.0,1.0,1.0,1.0,1.0
170,1.0,1.0,1.0,1.0,0.694738207,0.625264,0.0,0.0,1.0,1.0,1.0,1.0
171,1.0,1.0,1.0,1.0,0.680858569,0.612773,0.0,0.0,1.0,1.0,1.0,1.0
172,1.0,1.0,1.0,1.0,0.658090243,0.592281,0.0,0.0,1.0,1.0,1.0,1.0
173,1.0,1.0,1.0,1.0,0.626640805,0.563977,0.0,0.0,1.0,1.0,1.0,1.0
174,1.0,1.0,1.0,1.0,0.597576561,0.537819,0.000103,9.3e-05,1.0,1.0,1.0,1.0
175,1.0,1.0,1.0,1.0,0.555729252,0.500156,0.121999469,0.1098,1.0,1.0,1.0,1.0
176,1.0,1.0,1.0,1.0,0.440487993,0.396439,0.578165613,0.520349,1.0,1.0,1.0,1.0
177,1.0,1.0,1.0,1.0,0.303522048,0.27317,0.808559336,0.727703,1.0,1.0,1.0,1.0
178,1.0,1.0,1.0,1.0,0.216283678,0.194655,0.817797735,0.736018,1.0,1.0,1.0,1.0
179,1.0,1.0,1.0,1.0,0.181219863,0.163098,0.763983708,0.687585,1.0,1.0,1.0,1.0
180,1.0,1.0,1.0,1.0,0.167837792,0.151054,0.728808033,0.655927,1.0,1.0,1.0,1.0
181,1.0,1.0,1.0,1.0,0.155309228,0.139778,0.742474252,0.668227,1.0,1.0,1.0,1.0
182,1.0,1.0,1.0,1.0,0.139313771,0.125382,0.77628316,0.698655,1.0,1.0,1.0,1.0
183,1.0,1.0,1.0,1.0,0.113098101,0.101788,0.783955954,0.70556,1.0,1.0,1.0,1.0
184,1.0,1.0,1.0,1.0,0.09149439,0.082345,0.66475124,0.598276,1.0,1.0,1.0,1.0
185,1.0,1.0,1.0,1.0,0.095849942,0.086265,0.336755258,0.30308,1.0,1.0,1.0,1.0
186,1.0,1.0,1.0,1.0,0.127901482,0.115111,0.038490201,0.034641,1.0,1.0,1.0,1.0
187,1.0,1.0,1.0,1.0,0.167175953,0.150458,0.0,0.0,1.0,1.0,1.0,1.0
188,1.0,1.0,1.0,1.0,0.198967722,0.179071,0.0,0.0,1.0,1.0,1.0,1.0
189,1.0,1.0,1.0,1.0,0.241772328,0.217595,0.0,0.0,1.0,1.0,1.0,1.0
190,1.0,1.0,1.0,1.0,0.272580589,0.245323,0.0,0.0,1.0,1.0,1.0,1.0
191,1.0,1.0,1.0,1.0,0.292548891,0.263294,0.0,0.0,1.0,1.0,1.0,1.0
192,1.0,1.0,1.0,1.0,0.314378676,0.282941,0.0,0.0,1.0,1.0,1.0,1.0
193,1.0,1.0,1.0,1.0,0.575386975,0.517848,0.0,0.0,1.0,1.0,1.0,1.0
194,1.0,1.0,1.0,1.0,0.494074755,0.444667,0.0,0.0,1.0,1.0,1.0,1.0
195,1.0,1.0,1.0,1.0,0.409856959,0.368871,0.0,0.0,1.0,1.0,1.0,1.0
196,1.0,1.0,1.0,1.0,0.354605053,0.319145,0.0,0.0,1.0,1.0,1.0,1.0
197,1.0,1.0,1.0,1.0,0.324834524,0.292351,0.0,0.0,1.0,1.0,1.0,1.0
198,1.0,1.0,1.0,1.0,0.313870984,0.282484,0.006466159,0.00582,1.0,1.0,1.0,1.0
199,1.0,1.0,1.0,1.0,0.279869497,0.251883,0.139476703,0.125529,1.0,1.0,1.0,1.0
200,1.0,1.0,1.0,1.0,0.211217636,0.190096,0.404267318,0.363841,1.0,1.0,1.0,1.0
201,1.0,1.0,1.0,1.0,0.159507835,0.143557,0.544176023,0.489758,1.0,1.0,1.0,1.0
202,1.0,1.0,1.0,1.0,0.133957355,0.120562,0.592373788,0.533136,1.0,1.0,1.0,1.0
203,1.0,1.0,1.0,1.0,0.12162144,0.109459,0.604450165,0.544005,1.0,1.0,1.0,1.0
204,1.0,1.0,1.0,1.0,0.116182527,0.104564,0.610500829,0.549451,1.0,1.0,1.0,1.0
205,1.0,1.0,1.0,1.0,0.122011614,0.10981,0.596302936,0.536673,1.0,1.0,1.0,1.0
206,1.0,1.0,1.0,1.0,0.124001163,0.111601,0.577839908,0.520056,1.0,1.0,1.0,1.0
207,1.0,1.0,1.0,1.0,0.125212834,0.112692,0.525426976,0.472884,1.0,1.0,1.0,1.0
208,1.0,1.0,1.0,1.0,0.126511527,0.11386,0.408453495,0.367608,1.0,1.0,1.0,1.0
209,1.0,1.0,1.0,1.0,0.117633117,0.10587,0.216030411,0.194427,1.0,1.0,1.0,1.0
210,1.0,1.0,1.0,1.0,0.148953536,0.134058,0.042884204,0.038596,1.0,1.0,1.0,1.0
211,1.0,1.0,1.0,1.0,0.175943724,0.158349,1.1e-06,1e-06,1.0,1.0,1.0,1.0
212,1.0,1.0,1.0,1.0,0.172831341,0.155548,0.0,0.0,1.0,1.0,1.0,1.0
213,1.0,1.0,1.0,1.0,0.161286812,0.145158,0.0,0.0,1.0,1.0,1.0,1.0
214,1.0,1.0,1.0,1.0,0.14685537,0.13217,0.0,0.0,1.0,1.0,1.0,1.0
215,1.0,1.0,1.0,1.0,0.142043165,0.127839,0.0,0.0,1.0,1.0,1.0,1.0
216,1.0,1.0,1.0,1.0,0.147575235,0.132818,0.0,0.0,1.0,1.0,1.0,1.0
217,1.0,1.0,1.0,1.0,0.758758159,0.682882,0.0,0.0,1.0,1.0,1.0,1.0
218,1.0,1.0,1.0,1.0,0.715124569,0.643612,0.0,0.0,1.0,1.0,1.0,1.0
219,1.0,1.0,1.0,1.0,0.721784601,0.649606,0.0,0.0,1.0,1.0,1.0,1.0
220,1.0,1.0,1.0,1.0,0.732993817,0.659694,0.0,0.0,1.0,1.0,1.0,1.0
221,1.0,1.0,1.0,1.0,0.74967268,0.674705,0.0,0.0,1.0,1.0,1.0,1.0
222,1.0,1.0,1.0,1.0,0.765089039,0.68858,0.056151798,0.050537,1.0,1.0,1.0,1.0
223,1.0,1.0,1.0,1.0,0.738047668,0.664243,0.486702705,0.438032,1.0,1.0,1.0,1.0
224,1.0,1.0,1.0,1.0,0.729625692,0.656663,0.89188402,0.802696,1.0,1.0,1.0,1.0
225,1.0,1.0,1.0,1.0,0.741272889,0.667146,0.958125403,0.862313,1.0,1.0,1.0,1.0
226,1.0,1.0,1.0,1.0,0.757101887,0.681392,0.959048457,0.863144,1.0,1.0,1.0,1.0
227,1.0,1.0,1.0,1.0,0.773254163,0.695929,0.925834796,0.833251,1.0,1.0,1.0,1.0
228,1.0,1.0,1.0,1.0,0.788609908,0.709749,0.898475895,0.808628,1.0,1.0,1.0,1.0
229,1.0,1.0,1.0,1.0,0.80515739,0.724642,0.900052562,0.810047,1.0,1.0,1.0,1.0
230,1.0,1.0,1.0,1.0,0.800173066,0.720156,0.928871931,0.835985,1.0,1.0,1.0,1.0
231,1.0,1.0,1.0,1.0,0.790296107,0.711266,0.955475852,0.859928,1.0,1.0,1.0,1.0
232,1.0,1.0,1.0,1.0,0.769952793,0.692958,0.914203335,0.822783,1.0,1.0,1.0,1.0
233,1.0,1.0,1.0,1.0,0.710293854,0.639264,0.685817889,0.617236,1.0,1.0,1.0,1.0
234,1.0,1.0,1.0,1.0,0.65019114,0.585172,0.204622334,0.18416,1.0,1.0,1.0,1.0
235,1.0,1.0,1.0,1.0,0.716585621,0.644927,0.003743539,0.003369,1.0,1.0,1.0,1.0
236,1.0,1.0,1.0,1.0,0.714230955,0.642808,0.0,0.0,1.0,1.0,1.0,1.0
237,1.0,1.0,1.0,1.0,0.677582721,0.609824,0.0,0.0,1.0,1.0,1.0,1.0
238,1.0,1.0,1.0,1.0,0.633874268,0.570487,0.0,0.0,1.0,1.0,1.0,1.0
239,1.0,1.0,1.0,1.0,0.597761169,0.537985,0.0,0.0,1.0,1.0,1.0,1.0
240,1.0,1.0,1.0,1.0,0.530655531,0.47759,0.0,0.0,1.0,1.0,1.0,1.0
241,1.0,1.0,1.0,1.0,0.460614395,0.414553,0.0,0.0,1.0,1.0,1.0,1.0
242,1.0,1.0,1.0,1.0,0.437757606,0.393982,0.0,0.0,1.0,1.0,1.0,1.0
243,1.0,1.0,1.0,1.0,0.412315912,0.371084,0.0,0.0,1.0,1.0,1.0,1.0
244,1.0,1.0,1.0,1.0,0.387270217,0.348543,0.0,0.0,1.0,1.0,1.0,1.0
245,1.0,1.0,1.0,1.0,0.352906814,0.317616,0.001558587,0.001403,1.0,1.0,1.0,1.0
246,1.0,1.0,1.0,1.0,0.300887056,0.270798,0.101565235,0.091409,1.0,1.0,1.0,1.0
247,1.0,1.0,1.0,1.0,0.197159275,0.177443,0.421542997,0.379389,1.0,1.0,1.0,1.0
248,1.0,1.0,1.0,1.0,0.107600228,0.09684,0.645068697,0.580562,1.0,1.0,1.0,1.0
249,1.0,1.0,1.0,1.0,0.09594634,0.086352,0.717175251,0.645458,1.0,1.0,1.0,1.0
250,1.0,1.0,1.0,1.0,0.128847363,0.115963,0.711915426,0.640724,1.0,1.0,1.0,1.0
251,1.0,1.0,1.0,1.0,0.190454168,0.171409,0.669360619,0.602425,1.0,1.0,1.0,1.0
252,1.0,1.0,1.0,1.0,0.274257763,0.246832,0.626805939,0.564125,1.0,1.0,1.0,1.0
253,1.0,1.0,1.0,1.0,0.361185174,0.325067,0.60981387,0.548832,1.0,1.0,1.0,1.0
254,1.0,1.0,1.0,1.0,0.458154883,0.412339,0.624748348,0.562274,1.0,1.0,1.0,1.0
255,1.0,1.0,1.0,1.0,0.533306486,0.479976,0.612747365,0.551473,1.0,1.0,1.0,1.0
256,1.0,1.0,1.0,1.0,0.570343703,0.513309,0.574628597,0.517166,1.0,1.0,1.0,1.0
257,1.0,1.0,1.0,1.0,0.569066772,0.51216,0.480444453,0.4324,1.0,1.0,1.0,1.0
258,1.0,1.0,1.0,1.0,0.54986064,0.494875,0.211504094,0.190354,1.0,1.0,1.0,1.0
259,1.0,1.0,1.0,1.0,0.647012119,0.582311,0.016832893,0.01515,1.0,1.0,1.0,1.0
260,1.0,1.0,1.0,1.0,0.719019045,0.647117,0.0,0.0,1.0,1.0,1.0,1.0
261,1.0,1.0,1.0,1.0,0.7300604,0.657054,0.0,0.0,1.0,1.0,1.0,1.0
262,1.0,1.0,1.0,1.0,0.722755689,0.65048,0.0,0.0,1.0,1.0,1.0,1.0
263,1.0,1.0,1.0,1.0,0.694046352,0.624642,0.0,0.0,1.0,1.0,1.0,1.0
264,1.0,1.0,1.0,1.0,0.66149942,0.595349,0.0,0.0,1.0,1.0,1.0,1.0
265,1.0,1.0,1.0,1.0,0.731949851,0.658755,0.0,0.0,1.0,1.0,1.0,1.0
266,1.0,1.0,1.0,1.0,0.701147253,0.631033,0.0,0.0,1.0,1.0,1.0,1.0
267,1.0,1.0,1.0,1.0,0.673399222,0.606059,0.0,0.0,1.0,1.0,1.0,1.0
268,1.0,1.0,1.0,1.0,0.661862944,0.595677,0.0,0.0,1.0,1.0,1.0,1.0
269,1.0,1.0,1.0,1.0,0.641876412,0.577689,0.00463201,0.004169,1.0,1.0,1.0,1.0
270,1.0,1.0,1.0,1.0,0.587089698,0.528381,0.159304121,0.143374,1.0,1.0,1.0,1.0
271,1.0,1.0,1.0,1.0,0.431914078,0.388723,0.518157408,0.466342,1.0,1.0,1.0,1.0
272,1.0,1.0,1.0,1.0,0.405341005,0.364807,0.687257984,0.618532,1.0,1.0,1.0,1.0
273,1.0,1.0,1.0,1.0,0.456589663,0.410931,0.712679345,0.641411,1.0,1.0,1.0,1.0
274,1.0,1.0,1.0,1.0,0.500871347,0.450784,0.687497828,0.618748,1.0,1.0,1.0,1.0
275,1.0,1.0,1.0,1.0,0.531297715,0.478168,0.64438208,0.579944,1.0,1.0,1.0,1.0
276,1.0,1.0,1.0,1.0,0.541663808,0.487497,0.608988195,0.548089,1.0,1.0,1.0,1.0
277,1.0,1.0,1.0,1.0,0.526376871,0.473739,0.578709682,0.520839,1.0,1.0,1.0,1.0
278,1.0,1.0,1.0,1.0,0.483071603,0.434764,0.557250727,0.501526,1.0,1.0,1.0,1.0
279,1.0,1.0,1.0,1.0,0.467554186,0.420799,0.514718973,0.463247,1.0,1.0,1.0,1.0
280,1.0,1.0,1.0,1.0,0.426146713,0.383532,0.464962412,0.418466,1.0,1.0,1.0,1.0
281,1.0,1.0,1.0,1.0,0.388098621,0.349289,0.359853269,0.323868,1.0,1.0,1.0,1.0
282,1.0,1.0,1.0,1.0,0.349457669,0.314512,0.171051973,0.153947,1.0,1.0,1.0,1.0
283,1.0,1.0,1.0,1.0,0.3526647,0.317398,0.018311465,0.01648,1.0,1.0,1.0,1.0
284,1.0,1.0,1.0,1.0,0.389805486,0.350825,0.0,0.0,1.0,1.0,1.0,1.0
285,1.0,1.0,1.0,1.0,0.425314195,0.382783,0.0,0.0,1.0,1.0,1.0,1.0
286,1.0,1.0,1.0,1.0,0.458818395,0.412937,0.0,0.0,1.0,1.0,1.0,1.0
287,1.0,1.0,1.0,1.0,0.471514274,0.424363,0.0,0.0,1.0,1.0,1.0,1.0
288,1.0,1.0,1.0,1.0,0.457925417,0.412133,0.0,0.0,1.0,1.0,1.0,1.0
289,1.0,1.0,1.0,1.0,0.401024825,0.360922,0.0,0.0,1.0,1.0,1.0,1.0
290,1.0,1.0,1.0,1.0,0.379701768,0.341732,0.0,0.0,1.0,1.0,1.0,1.0
291,1.0,1.0,1.0,1.0,0.35804152,0.322237,0.0,0.0,1.0,1.0,1.0,1.0
292,1.0,1.0,1.0,1.0,0.339922819,0.305931,0.0,0.0,1.0,1.0,1.0,1.0
293,1.0,1.0,1.0,1.0,0.335954599,0.302359,0.007516657,0.006765,1.0,1.0,1.0,1.0
294,1.0,1.0,1.0,1.0,0.353583222,0.318225,0.065576992,0.059019,1.0,1.0,1.0,1.0
295,1.0,1.0,1.0,1.0,0.341639272,0.307475,0.146552561,0.131897,1.0,1.0,1.0,1.0
296,1.0,1.0,1.0,1.0,0.30988515,0.278897,0.234594779,0.211135,1.0,1.0,1.0,1.0
297,1.0,1.0,1.0,1.0,0.328620185,0.295758,0.31509004,0.283581,1.0,1.0,1.0,1.0
298,1.0,1.0,1.0,1.0,0.401899294,0.361709,0.379189659,0.341271,1.0,1.0,1.0,1.0
299,1.0,1.0,1.0,1.0,0.493864274,0.444478,0.404708857,0.364238,1.0,1.0,1.0,1.0
300,1.0,1.0,1.0,1.0,0.556663023,0.500997,0.408689929,0.367821,1.0,1.0,1.0,1.0
301,1.0,1.0,1.0,1.0,0.604667279,0.544201,0.390958303,0.351862,1.0,1.0,1.0,1.0
302,1.0,1.0,1.0,1.0,0.652797083,0.587517,0.353256532,0.317931,1.0,1.0,1.0,1.0
303,1.0,1.0,1.0,1.0,0.668336173,0.601503,0.294242368,0.264818,1.0,1.0,1.0,1.0
304,1.0,1.0,1.0,1.0,0.678652379,0.610787,0.221088347,0.19898,1.0,1.0,1.0,1.0
305,1.0,1.0,1.0,1.0,0.677973928,0.610177,0.150243721,0.135219,1.0,1.0,1.0,1.0
306,1.0,1.0,1.0,1.0,0.655039029,0.589535,0.074669864,0.067203,1.0,1.0,1.0,1.0
307,1.0,1.0,1.0,1.0,0.674570077,0.607113,0.015866849,0.01428,1.0,1.0,1.0,1.0
308,1.0,1.0,1.0,1.0,0.670508743,0.603458,2.16e-05,1.9e-05,1.0,1.0,1.0,1.0
309,1.0,1.0,1.0,1.0,0.625677509,0.56311,0.0,0.0,1.0,1.0,1.0,1.0
310,1.0,1.0,1.0,1.0,0.576302099,0.518672,0.0,0.0,1.0,1.0,1.0,1.0
311,1.0,1.0,1.0,1.0,0.532321587,0.479089,0.0,0.0,1.0,1.0,1.0,1.0
312,1.0,1.0,1.0,1.0,0.471240618,0.424117,0.0,0.0,1.0,1.0,1.0,1.0
313,1.0,1.0,1.0,1.0,0.352270226,0.317043,0.0,0.0,1.0,1.0,1.0,1.0
314,1.0,1.0,1.0,1.0,0.317177292,0.28546,0.0,0.0,1.0,1.0,1.0,1.0
315,1.0,1.0,1.0,1.0,0.282740977,0.254467,0.0,0.0,1.0,1.0,1.0,1.0
316,1.0,1.0,1.0,1.0,0.254262401,0.228836,0.0,0.0,1.0,1.0,1.0,1.0
317,1.0,1.0,1.0,1.0,0.23194733,0.208753,0.013469641,0.012123,1.0,1.0,1.0,1.0
318,1.0,1.0,1.0,1.0,0.199078667,0.179171,0.081679714,0.073512,1.0,1.0,1.0,1.0
319,1.0,1.0,1.0,1.0,0.150047223,0.135043,0.154406267,0.138966,1.0,1.0,1.0,1.0
320,1.0,1.0,1.0,1.0,0.11697165,0.105274,0.227864967,0.205078,1.0,1.0,1.0,1.0
321,1.0,1.0,1.0,1.0,0.103018111,0.092716,0.306637473,0.275974,1.0,1.0,1.0,1.0
322,1.0,1.0,1.0,1.0,0.09470199,0.085232,0.387284324,0.348556,1.0,1.0,1.0,1.0
323,1.0,1.0,1.0,1.0,0.090607008,0.081546,0.446179915,0.401562,1.0,1.0,1.0,1.0
324,1.0,1.0,1.0,1.0,0.106792974,0.096114,0.476760507,0.429084,1.0,1.0,1.0,1.0
325,1.0,1.0,1.0,1.0,0.140076817,0.126069,0.470653533,0.423588,1.0,1.0,1.0,1.0
326,1.0,1.0,1.0,1.0,0.156313827,0.140682,0.434883174,0.391395,1.0,1.0,1.0,1.0
327,1.0,1.0,1.0,1.0,0.152675063,0.137408,0.38010108,0.342091,1.0,1.0,1.0,1.0
328,1.0,1.0,1.0,1.0,0.136029638,0.122427,0.313463865,0.282117,1.0,1.0,1.0,1.0
329,1.0,1.0,1.0,1.0,0.114961457,0.103465,0.230335778,0.207302,1.0,1.0,1.0,1.0
330,1.0,1.0,1.0,1.0,0.098626011,0.088763,0.124860043,0.112374,1.0,1.0,1.0,1.0
331,1.0,1.0,1.0,1.0,0.101964006,0.091768,0.036089961,0.032481,1.0,1.0,1.0,1.0
332,1.0,1.0,1.0,1.0,0.10252172,0.09227,0.000376032,0.000338,1.0,1.0,1.0,1.0
333,1.0,1.0,1.0,1.0,0.086787033,0.078108,0.0,0.0,1.0,1.0,1.0,1.0
334,1.0,1.0,1.0,1.0,0.063273097,0.056946,0.0,0.0,1.0,1.0,1.0,1.0
335,1.0,1.0,1.0,1.0,0.046352348,0.041717,0.0,0.0,1.0,1.0,1.0,1.0
336,1.0,1.0,1.0,1.0,0.043193535,0.038874,0.0,0.0,1.0,1.0,1.0,1.0
337,1.0,1.0,1.0,1.0,0.638681078,0.574813,0.0,0.0,1.0,1.0,1.0,1.0
338,1.0,1.0,1.0,1.0,0.61859631,0.556737,0.0,0.0,1.0,1.0,1.0,1.0
339,1.0,1.0,1.0,1.0,0.614684382,0.553216,0.0,0.0,1.0,1.0,1.0,1.0
340,1.0,1.0,1.0,1.0,0.593625575,0.534263,0.000156441,0.000141,1.0,1.0,1.0,1.0
341,1.0,1.0,1.0,1.0,0.587889465,0.529101,0.043608247,0.039247,1.0,1.0,1.0,1.0
342,1.0,1.0,1.0,1.0,0.532014794,0.478813,0.261258027,0.235132,1.0,1.0,1.0,1.0
343,1.0,1.0,1.0,1.0,0.453700061,0.40833,0.529424747,0.476482,1.0,1.0,1.0,1.0
344,1.0,1.0,1.0,1.0,0.451931649,0.406738,0.666839555,0.600156,1.0,1.0,1.0,1.0
345,1.0,1.0,1.0,1.0,0.465948444,0.419354,0.737504451,0.663754,1.0,1.0,1.0,1.0
346,1.0,1.0,1.0,1.0,0.5038409,0.453457,0.781278267,0.70315,1.0,1.0,1.0,1.0
347,1.0,1.0,1.0,1.0,0.544845012,0.490361,0.815948328,0.734353,1.0,1.0,1.0,1.0
348,1.0,1.0,1.0,1.0,0.579638482,0.521675,0.828905893,0.746015,1.0,1.0,1.0,1.0
349,1.0,1.0,1.0,1.0,0.597219558,0.537498,0.840333055,0.7563,1.0,1.0,1.0,1.0
350,1.0,1.0,1.0,1.0,0.619885262,0.557897,0.835787946,0.752209,1.0,1.0,1.0,1.0
351,1.0,1.0,1.0,1.0,0.630780675,0.567703,0.834024867,0.750622,1.0,1.0,1.0,1.0
352,1.0,1.0,1.0,1.0,0.633713699,0.570342,0.797931102,0.718138,1.0,1.0,1.0,1.0
353,1.0,1.0,1.0,1.0,0.599107387,0.539197,0.672922823,0.605631,1.0,1.0,1.0,1.0
354,1.0,1.0,1.0,1.0,0.482295364,0.434066,0.461969189,0.415772,1.0,1.0,1.0,1.0
355,1.0,1.0,1.0,1.0,0.4539156,0.408524,0.166106788,0.149496,1.0,1.0,1.0,1.0
356,1.0,1.0,1.0,1.0,0.546484892,0.491836,0.009008423,0.008108,1.0,1.0,1.0,1.0
357,1.0,1.0,1.0,1.0,0.582173691,0.523956,0.0,0.0,1.0,1.0,1.0,1.0
358,1.0,1.0,1.0,1.0,0.573884018,0.516496,0.0,0.0,1.0,1.0,1.0,1.0
359,1.0,1.0,1.0,1.0,0.562743896,0.50647,0.0,0.0,1.0,1.0,1.0,1.0
360,1.0,1.0,1.0,1.0,0.576265709,0.518639,0.0,0.0,1.0,1.0,1.0,1.0
361,1.0,1.0,1.0,1.0,0.445576568,0.401019,0.0,0.0,1.0,1.0,1.0,1.0
362,1.0,1.0,1.0,1.0,0.422790656,0.380512,0.0,0.0,1.0,1.0,1.0,1.0
363,1.0,1.0,1.0,1.0,0.396995907,0.357296,0.0,0.0,1.0,1.0,1.0,1.0
364,1.0,1.0,1.0,1.0,0.368443444,0.331599,0.0,0.0,1.0,1.0,1.0,1.0
365,1.0,1.0,1.0,1.0,0.340344143,0.30631,0.038528961,0.034676,1.0,1.0,1.0,1.0
366,1.0,1.0,1.0,1.0,0.283919963,0.255528,0.301200178,0.27108,1.0,1.0,1.0,1.0
367,1.0,1.0,1.0,1.0,0.184155272,0.16574,0.604301893,0.543872,1.0,1.0,1.0,1.0
368,1.0,1.0,1.0,1.0,0.116355666,0.10472,0.728805033,0.655925,1.0,1.0,1.0,1.0
369,1.0,1.0,1.0,1.0,0.093495219,0.084146,0.783651962,0.705287,1.0,1.0,1.0,1.0
370,1.0,1.0,1.0,1.0,0.082155403,0.07394,0.805433236,0.72489,1.0,1.0,1.0,1.0
371,1.0,1.0,1.0,1.0,0.081473104,0.073326,0.817272071,0.735545,1.0,1.0,1.0,1.0
372,1.0,1.0,1.0,1.0,0.101269124,0.091142,0.805598179,0.725038,1.0,1.0,1.0,1.0
373,1.0,1.0,1.0,1.0,0.135332206,0.121799,0.793690062,0.714321,1.0,1.0,1.0,1.0
374,1.0,1.0,1.0,1.0,0.187574725,0.168817,0.779516099,0.701564,1.0,1.0,1.0,1.0
375,1.0,1.0,1.0,1.0,0.236339062,0.212705,0.744519406,0.670067,1.0,1.0,1.0,1.0
376,1.0,1.0,1.0,1.0,0.25932917,0.233396,0.704433939,0.633991,1.0,1.0,1.0,1.0
377,1.0,1.0,1.0,1.0,0.289523996,0.260572,0.652910038,0.587619,1.0,1.0,1.0,1.0
378,1.0,1.0,1.0,1.0,0.259874159,0.233887,0.47797529,0.430178,1.0,1.0,1.0,1.0
379,1.0,1.0,1.0,1.0,0.315484622,0.283936,0.158205485,0.142385,1.0,1.0,1.0,1.0
380,1.0,1.0,1.0,1.0,0.335094632,0.301585,0.006746041,0.006071,1.0,1.0,1.0,1.0
381,1.0,1.0,1.0,1.0,0.335915674,0.302324,0.0,0.0,1.0,1.0,1.0,1.0
382,1.0,1.0,1.0,1.0,0.325906737,0.293316,0.0,0.0,1.0,1.0,1.0,1.0
383,1.0,1.0,1.0,1.0,0.331163834,0.298047,0.0,0.0,1.0,1.0,1.0,1.0
384,1.0,1.0,1.0,1.0,0.342647882,0.308383,0.0,0.0,1.0,1.0,1.0,1.0
385,1.0,1.0,1.0,1.0,0.241243256,0.217119,0.0,0.0,1.0,1.0,1.0,1.0
386,1.0,1.0,1.0,1.0,0.215205219,0.193685,0.0,0.0,1.0,1.0,1.0,1.0
387,1.0,1.0,1.0,1.0,0.195383986,0.175846,0.0,0.0,1.0,1.0,1.0,1.0
388,1.0,1.0,1.0,1.0,0.180086951,0.162078,0.0,0.0,1.0,1.0,1.0,1.0
389,1.0,1.0,1.0,1.0,0.162365257,0.146129,0.00574727,0.005173,1.0,1.0,1.0,1.0
390,1.0,1.0,1.0,1.0,0.144945108,0.130451,0.100512208,0.090461,1.0,1.0,1.0,1.0
391,1.0,1.0,1.0,1.0,0.089797165,0.080817,0.244259673,0.219834,1.0,1.0,1.0,1.0
392,1.0,1.0,1.0,1.0,0.062642445,0.056378,0.344508754,0.310058,1.0,1.0,1.0,1.0
393,1.0,1.0,1.0,1.0,0.060622237,0.05456,0.42508596,0.382577,1.0,1.0,1.0,1.0
394,1.0,1.0,1.0,1.0,0.06737363,0.060636,0.518935679,0.467042,1.0,1.0,1.0,1.0
395,1.0,1.0,1.0,1.0,0.075293915,0.067765,0.609303095,0.548373,1.0,1.0,1.0,1.0
396,1.0,1.0,1.0,1.0,0.091866203,0.08268,0.654590743,0.589132,1.0,1.0,1.0,1.0
397,1.0,1.0,1.0,1.0,0.112060458,0.100854,0.663938876,0.597545,1.0,1.0,1.0,1.0
398,1.0,1.0,1.0,1.0,0.138677544,0.12481,0.672826699,0.605544,1.0,1.0,1.0,1.0
399,1.0,1.0,1.0,1.0,0.168408501,0.151568,0.649801834,0.584822,1.0,1.0,1.0,1.0
400,1.0,1.0,1.0,1.0,0.181359782,0.163224,0.578528733,0.520676,1.0,1.0,1.0,1.0
401,1.0,1.0,1.0,1.0,0.184708946,0.166238,0.468338392,0.421505,1.0,1.0,1.0,1.0
402,1.0,1.0,1.0,1.0,0.194685533,0.175217,0.272266844,0.24504,1.0,1.0,1.0,1.0
403,1.0,1.0,1.0,1.0,0.241213209,0.217092,0.055939467,0.050346,1.0,1.0,1.0,1.0
404,1.0,1.0,1.0,1.0,0.26392066,0.237529,2.29e-05,2.1e-05,1.0,1.0,1.0,1.0
405,1.0,1.0,1.0,1.0,0.244081714,0.219674,0.0,0.0,1.0,1.0,1.0,1.0
406,1.0,1.0,1.0,1.0,0.215742018,0.194168,0.0,0.0,1.0,1.0,1.0,1.0
407,1.0,1.0,1.0,1.0,0.201379112,0.181241,0.0,0.0,1.0,1.0,1.0,1.0
408,1.0,1.0,1.0,1.0,0.18424419,0.16582,0.0,0.0,1.0,1.0,1.0,1.0
409,1.0,1.0,1.0,1.0,0.506036672,0.455433,0.0,0.0,1.0,1.0,1.0,1.0
410,1.0,1.0,1.0,1.0,0.510766706,0.45969,0.0,0.0,1.0,1.0,1.0,1.0
411,1.0,1.0,1.0,1.0,0.526221727,0.4736,0.0,0.0,1.0,1.0,1.0,1.0
412,1.0,1.0,1.0,1.0,0.540096235,0.486087,0.0,0.0,1.0,1.0,1.0,1.0
413,1.0,1.0,1.0,1.0,0.552761909,0.497486,0.00888125,0.007993,1.0,1.0,1.0,1.0
414,1.0,1.0,1.0,1.0,0.543557849,0.489202,0.161557078,0.145401,1.0,1.0,1.0,1.0
415,1.0,1.0,1.0,1.0,0.49834686,0.448512,0.38575682,0.347181,1.0,1.0,1.0,1.0
416,1.0,1.0,1.0,1.0,0.477796303,0.430017,0.496902188,0.447212,1.0,1.0,1.0,1.0
417,1.0,1.0,1.0,1.0,0.527960018,0.475164,0.571848222,0.514663,1.0,1.0,1.0,1.0
418,1.0,1.0,1.0,1.0,0.613918037,0.552526,0.642144405,0.57793,1.0,1.0,1.0,1.0
419,1.0,1.0,1.0,1.0,0.708148516,0.637334,0.658101396,0.592291,1.0,1.0,1.0,1.0
420,1.0,1.0,1.0,1.0,0.797539607,0.717786,0.631303944,0.568174,1.0,1.0,1.0,1.0
421,1.0,1.0,1.0,1.0,0.8622026,0.775982,0.601440659,0.541297,1.0,1.0,1.0,1.0
422,1.0,1.0,1.0,1.0,0.906385768,0.815747,0.582199788,0.52398,1.0,1.0,1.0,1.0
423,1.0,1.0,1.0,1.0,0.931863708,0.838677,0.537253118,0.483528,1.0,1.0,1.0,1.0
424,1.0,1.0,1.0,1.0,0.91084777,0.819763,0.471126428,0.424014,1.0,1.0,1.0,1.0
425,1.0,1.0,1.0,1.0,0.877105862,0.789395,0.37621822,0.338596,1.0,1.0,1.0,1.0
426,1.0,1.0,1.0,1.0,0.844613988,0.760153,0.217900921,0.196111,1.0,1.0,1.0,1.0
427,1.0,1.0,1.0,1.0,0.840981211,0.756883,0.04073482,0.036661,1.0,1.0,1.0,1.0
428,1.0,1.0,1.0,1.0,0.837308611,0.753578,3.12e-06,3e-06,1.0,1.0,1.0,1.0
429,1.0,1.0,1.0,1.0,0.826505104,0.743855,0.0,0.0,1.0,1.0,1.0,1.0
430,1.0,1.0,1.0,1.0,0.800402521,0.720362,0.0,0.0,1.0,1.0,1.0,1.0
431,1.0,1.0,1.0,1.0,0.783601156,0.705241,0.0,0.0,1.0,1.0,1.0,1.0
432,1.0,1.0,1.0,1.0,0.737593456,0.663834,0.0,0.0,1.0,1.0,1.0,1.0
433,1.0,1.0,1.0,1.0,0.27054562,0.243491,0.0,0.0,1.0,1.0,1.0,1.0
434,1.0,1.0,1.0,1.0,0.215562133,0.194006,0.0,0.0,1.0,1.0,1.0,1.0
435,1.0,1.0,1.0,1.0,0.176996247,0.159297,0.0,0.0,1.0,1.0,1.0,1.0
436,1.0,1.0,1.0,1.0,0.142325401,0.128093,0.0,0.0,1.0,1.0,1.0,1.0
437,1.0,1.0,1.0,1.0,0.10640858,0.095768,0.013148172,0.011833,1.0,1.0,1.0,1.0
438,1.0,1.0,1.0,1.0,0.075247423,0.067723,0.248553586,0.223698,1.0,1.0,1.0,1.0
439,1.0,1.0,1.0,1.0,0.030330442,0.027297,0.666690701,0.600022,1.0,1.0,1.0,1.0
440,1.0,1.0,1.0,1.0,0.01416891,0.012752,0.846564274,0.761908,1.0,1.0,1.0,1.0
441,1.0,1.0,1.0,1.0,0.015262096,0.013736,0.89667028,0.807003,1.0,1.0,1.0,1.0
442,1.0,1.0,1.0,1.0,0.021950722,0.019756,0.892461109,0.803215,1.0,1.0,1.0,1.0
443,1.0,1.0,1.0,1.0,0.035499956,0.03195,0.863334545,0.777001,1.0,1.0,1.0,1.0
444,1.0,1.0,1.0,1.0,0.051099299,0.045989,0.843141422,0.758827,1.0,1.0,1.0,1.0
445,1.0,1.0,1.0,1.0,0.069132914,0.06222,0.843521951,0.75917,1.0,1.0,1.0,1.0
446,1.0,1.0,1.0,1.0,0.084778581,0.076301,0.855652945,0.770088,1.0,1.0,1.0,1.0
447,1.0,1.0,1.0,1.0,0.101713326,0.091542,0.862759885,0.776484,1.0,1.0,1.0,1.0
448,1.0,1.0,1.0,1.0,0.116817729,0.105136,0.848788378,0.76391,1.0,1.0,1.0,1.0
449,1.0,1.0,1.0,1.0,0.128839647,0.115956,0.780214405,0.702193,1.0,1.0,1.0,1.0
450,1.0,1.0,1.0,1.0,0.14229548,0.128066,0.489822947,0.440841,1.0,1.0,1.0,1.0
451,1.0,1.0,1.0,1.0,0.226855908,0.20417,0.100442966,0.090399,1.0,1.0,1.0,1.0
452,1.0,1.0,1.0,1.0,0.292471536,0.263224,0.0,0.0,1.0,1.0,1.0,1.0
453,1.0,1.0,1.0,1.0,0.280325089,0.252293,0.0,0.0,1.0,1.0,1.0,1.0
454,1.0,1.0,1.0,1.0,0.244787403,0.220309,0.0,0.0,1.0,1.0,1.0,1.0
455,1.0,1.0,1.0,1.0,0.2111923,0.190073,0.0,0.0,1.0,1.0,1.0,1.0
456,1.0,1.0,1.0,1.0,0.185976409,0.167379,0.0,0.0,1.0,1.0,1.0,1.0
457,1.0,1.0,1.0,1.0,0.162300137,0.14607,0.0,0.0,1.0,1.0,1.0,1.0
458,1.0,1.0,1.0,1.0,0.163284983,0.146956,0.0,0.0,1.0,1.0,1.0,1.0
459,1.0,1.0,1.0,1.0,0.163885598,0.147497,0.0,0.0,1.0,1.0,1.0,1.0
460,1.0,1.0,1.0,1.0,0.198382975,0.178545,0.0,0.0,1.0,1.0,1.0,1.0
461,1.0,1.0,1.0,1.0,0.202445564,0.182201,0.000469241,0.000422,1.0,1.0,1.0,1.0
462,1.0,1.0,1.0,1.0,0.19170226,0.172532,0.033822601,0.03044,1.0,1.0,1.0,1.0
463,1.0,1.0,1.0,1.0,0.161076603,0.144969,0.122237974,0.110014,1.0,1.0,1.0,1.0
464,1.0,1.0,1.0,1.0,0.117860188,0.106074,0.204423085,0.183981,1.0,1.0,1.0,1.0
465,1.0,1.0,1.0,1.0,0.117820026,0.106038,0.263981142,0.237583,1.0,1.0,1.0,1.0
466,1.0,1.0,1.0,1.0,0.122784538,0.110506,0.330722018,0.29765,1.0,1.0,1.0,1.0
467,1.0,1.0,1.0,1.0,0.170822908,0.153741,0.369246077,0.332321,1.0,1.0,1.0,1.0
468,1.0,1.0,1.0,1.0,0.266727479,0.240055,0.363693182,0.327324,1.0,1.0,1.0,1.0
469,1.0,1.0,1.0,1.0,0.362232944,0.32601,0.332213618,0.298992,1.0,1.0,1.0,1.0
470,1.0,1.0,1.0,1.0,0.406015632,0.365414,0.279886408,0.251898,1.0,1.0,1.0,1.0
471,1.0,1.0,1.0,1.0,0.397171971,0.357455,0.222471272,0.200224,1.0,1.0,1.0,1.0
472,1.0,1.0,1.0,1.0,0.406160274,0.365544,0.162959001,0.146663,1.0,1.0,1.0,1.0
473,1.0,1.0,1.0,1.0,0.387220112,0.348498,0.117053559,0.105348,1.0,1.0,1.0,1.0
474,1.0,1.0,1.0,1.0,0.413361218,0.372025,0.073036759,0.065733,1.0,1.0,1.0,1.0
475,1.0,1.0,1.0,1.0,0.421243787,0.379119,0.014940887,0.013447,1.0,1.0,1.0,1.0
476,1.0,1.0,1.0,1.0,0.409753637,0.368778,0.0,0.0,1.0,1.0,1.0,1.0
477,1.0,1.0,1.0,1.0,0.384614253,0.346153,0.0,0.0,1.0,1.0,1.0,1.0
478,1.0,1.0,1.0,1.0,0.35260989,0.317349,0.0,0.0,1.0,1.0,1.0,1.0
479,1.0,1.0,1.0,1.0,0.331319395,0.298187,0.0,0.0,1.0,1.0,1.0,1.0
480,1.0,1.0,1.0,1.0,0.30384548,0.273461,0.0,0.0,1.0,1.0,1.0,1.0
481,1.0,1.0,1.0,1.0,0.239990008,0.215991,0.0,0.0,1.0,1.0,1.0,1.0
482,1.0,1.0,1.0,1.0,0.255129238,0.229616,0.0,0.0,1.0,1.0,1.0,1.0
483,1.0,1.0,1.0,1.0,0.264903571,0.238413,0.0,0.0,1.0,1.0,1.0,1.0
484,1.0,1.0,1.0,1.0,0.266906866,0.240216,0.0,0.0,1.0,1.0,1.0,1.0
485,1.0,1.0,1.0,1.0,0.252715467,0.227444,0.00158215,0.001424,1.0,1.0,1.0,1.0
486,1.0,1.0,1.0,1.0,0.237116681,0.213405,0.08476059,0.076285,1.0,1.0,1.0,1.0
487,1.0,1.0,1.0,1.0,0.180904417,0.162814,0.370931708,0.333839,1.0,1.0,1.0,1.0
488,1.0,1.0,1.0,1.0,0.115785994,0.104207,0.574325653,0.516893,1.0,1.0,1.0,1.0
489,1.0,1.0,1.0,1.0,0.10165332,0.091488,0.669408813,0.602468,1.0,1.0,1.0,1.0
490,1.0,1.0,1.0,1.0,0.110085004,0.099077,0.726480191,0.653832,1.0,1.0,1.0,1.0
491,1.0,1.0,1.0,1.0,0.132489407,0.11924,0.744429776,0.669987,1.0,1.0,1.0,1.0
492,1.0,1.0,1.0,1.0,0.163999029,0.147599,0.742820079,0.668538,1.0,1.0,1.0,1.0
493,1.0,1.0,1.0,1.0,0.220743146,0.198669,0.715488775,0.64394,1.0,1.0,1.0,1.0
494,1.0,1.0,1.0,1.0,0.295374254,0.265837,0.673076152,0.605769,1.0,1.0,1.0,1.0
495,1.0,1.0,1.0,1.0,0.372367466,0.335131,0.619336101,0.557402,1.0,1.0,1.0,1.0
496,1.0,1.0,1.0,1.0,0.445540229,0.400986,0.522262333,0.470036,1.0,1.0,1.0,1.0
497,1.0,1.0,1.0,1.0,0.457762715,0.411986,0.363090153,0.326781,1.0,1.0,1.0,1.0
498,1.0,1.0,1.0,1.0,0.433434445,0.390091,0.142894312,0.128605,1.0,1.0,1.0,1.0
499,1.0,1.0,1.0,1.0,0.447325704,0.402593,0.010843261,0.009759,1.0,1.0,1.0,1.0
500,1.0,1.0,1.0,1.0,0.44312322,0.398811,0.0,0.0,1.0,1.0,1.0,1.0
501,1.0,1.0,1.0,1.0,0.448216,0.403394,0.0,0.0,1.0,1.0,1.0,1.0
502,1.0,1.0,1.0,1.0,0.437000988,0.393301,0.0,0.0,1.0,1.0,1.0,1.0
503,1.0,1.0,1.0,1.0,0.42444946,0.382005,0.0,0.0,1.0,1.0,1.0,1.0
504,1.0,1.0,1.0,1.0,0.434321843,0.39089,0.0,0.0,1.0,1.0,1.0,1.0
505,1.0,1.0,1.0,1.0,0.90569391,0.815125,0.0,0.0,1.0,1.0,1.0,1.0
506,1.0,1.0,1.0,1.0,0.893883051,0.804495,0.0,0.0,1.0,1.0,1.0,1.0
507,1.0,1.0,1.0,1.0,0.884435691,0.795992,0.0,0.0,1.0,1.0,1.0,1.0
508,1.0,1.0,1.0,1.0,0.875188908,0.78767,0.0,0.0,1.0,1.0,1.0,1.0
509,1.0,1.0,1.0,1.0,0.870565194,0.783509,0.0,0.0,1.0,1.0,1.0,1.0
510,1.0,1.0,1.0,1.0,0.857503131,0.771753,0.038968823,0.035072,1.0,1.0,1.0,1.0
511,1.0,1.0,1.0,1.0,0.823605445,0.741245,0.256411584,0.23077,1.0,1.0,1.0,1.0
512,1.0,1.0,1.0,1.0,0.769932737,0.692939,0.459908758,0.413918,1.0,1.0,1.0,1.0
513,1.0,1.0,1.0,1.0,0.728767179,0.65589,0.50773696,0.456963,1.0,1.0,1.0,1.0
514,1.0,1.0,1.0,1.0,0.702422153,0.63218,0.517875964,0.466088,1.0,1.0,1.0,1.0
515,1.0,1.0,1.0,1.0,0.719297857,0.647368,0.488311149,0.43948,1.0,1.0,1.0,1.0
516,1.0,1.0,1.0,1.0,0.760877914,0.68479,0.465241962,0.418718,1.0,1.0,1.0,1.0
517,1.0,1.0,1.0,1.0,0.769516925,0.692565,0.479262415,0.431336,1.0,1.0,1.0,1.0
518,1.0,1.0,1.0,1.0,0.76382346,0.687441,0.533410361,0.480069,1.0,1.0,1.0,1.0
519,1.0,1.0,1.0,1.0,0.782686921,0.704418,0.564639362,0.508175,1.0,1.0,1.0,1.0
520,1.0,1.0,1.0,1.0,0.761880482,0.685692,0.499999317,0.449999,1.0,1.0,1.0,1.0
521,1.0,1.0,1.0,1.0,0.704336346,0.633903,0.350196668,0.315177,1.0,1.0,1.0,1.0
522,1.0,1.0,1.0,1.0,0.707525571,0.636773,0.11995834,0.107963,1.0,1.0,1.0,1.0
523,1.0,1.0,1.0,1.0,0.711811255,0.64063,0.003522896,0.003171,1.0,1.0,1.0,1.0
524,1.0,1.0,1.0,1.0,0.735162613,0.661646,0.0,0.0,1.0,1.0,1.0,1.0
525,1.0,1.0,1.0,1.0,0.67491105,0.60742,0.0,0.0,1.0,1.0,1.0,1.0
526,1.0,1.0,1.0,1.0,0.622981076,0.560683,0.0,0.0,1.0,1.0,1.0,1.0
527,1.0,1.0,1.0,1.0,0.603646051,0.543281,0.0,0.0,1.0,1.0,1.0,1.0
528,1.0,1.0,1.0,1.0,0.577801822,0.520022,0.0,0.0,1.0,1.0,1.0,1.0
529,1.0,1.0,1.0,1.0,0.669889954,0.602901,0.0,0.0,1.0,1.0,1.0,1.0
530,1.0,1.0,1.0,1.0,0.642383075,0.578145,0.0,0.0,1.0,1.0,1.0,1.0
531,1.0,1.0,1.0,1.0,0.621019183,0.558917,0.0,0.0,1.0,1.0,1.0,1.0
532,1.0,1.0,1.0,1.0,0.604772782,0.544296,0.0,0.0,1.0,1.0,1.0,1.0
533,1.0,1.0,1.0,1.0,0.586951391,0.528256,0.0,0.0,1.0,1.0,1.0,1.0
534,1.0,1.0,1.0,1.0,0.556153979,0.500539,0.016622016,0.01496,1.0,1.0,1.0,1.0
535,1.0,1.0,1.0,1.0,0.506192573,0.455573,0.177625727,0.159863,1.0,1.0,1.0,1.0
536,1.0,1.0,1.0,1.0,0.402036558,0.361833,0.394221655,0.354799,1.0,1.0,1.0,1.0
537,1.0,1.0,1.0,1.0,0.350130058,0.315117,0.50946074,0.458515,1.0,1.0,1.0,1.0
538,1.0,1.0,1.0,1.0,0.314139146,0.282725,0.580140544,0.522126,1.0,1.0,1.0,1.0
539,1.0,1.0,1.0,1.0,0.270225629,0.243203,0.609066335,0.54816,1.0,1.0,1.0,1.0
540,1.0,1.0,1.0,1.0,0.239290923,0.215362,0.603840883,0.543457,1.0,1.0,1.0,1.0
541,1.0,1.0,1.0,1.0,0.221597011,0.199437,0.595228785,0.535706,1.0,1.0,1.0,1.0
542,1.0,1.0,1.0,1.0,0.211261502,0.190135,0.571178006,0.51406,1.0,1.0,1.0,1.0
543,1.0,1.0,1.0,1.0,0.213371881,0.192035,0.539542365,0.485588,1.0,1.0,1.0,1.0
544,1.0,1.0,1.0,1.0,0.214453378,0.193008,0.533342593,0.480008,1.0,1.0,1.0,1.0
545,1.0,1.0,1.0,1.0,0.210577125,0.189519,0.423498532,0.381149,1.0,1.0,1.0,1.0
546,1.0,1.0,1.0,1.0,0.268750517,0.241875,0.121668255,0.109501,1.0,1.0,1.0,1.0
547,1.0,1.0,1.0,1.0,0.373982229,0.336584,0.000379189,0.000341,1.0,1.0,1.0,1.0
548,1.0,1.0,1.0,1.0,0.433086935,0.389778,0.0,0.0,1.0,1.0,1.0,1.0
549,1.0,1.0,1.0,1.0,0.483606875,0.435246,0.0,0.0,1.0,1.0,1.0,1.0
550,1.0,1.0,1.0,1.0,0.517393871,0.465654,0.0,0.0,1.0,1.0,1.0,1.0
551,1.0,1.0,1.0,1.0,0.522163831,0.469947,0.0,0.0,1.0,1.0,1.0,1.0
552,1.0,1.0,1.0,1.0,0.526527695,0.473875,0.0,0.0,1.0,1.0,1.0,1.0
553,1.0,1.0,1.0,1.0,0.683501298,0.615151,0.0,0.0,1.0,1.0,1.0,1.0
554,1.0,1.0,1.0,1.0,0.671837802,0.604654,0.0,0.0,1.0,1.0,1.0,1.0
555,1.0,1.0,1.0,1.0,0.65056632,0.58551,0.0,0.0,1.0,1.0,1.0,1.0
556,1.0,1.0,1.0,1.0,0.631848591,0.568664,0.0,0.0,1.0,1.0,1.0,1.0
557,1.0,1.0,1.0,1.0,0.628816184,0.565935,0.0,0.0,1.0,1.0,1.0,1.0
558,1.0,1.0,1.0,1.0,0.656219698,0.590598,0.003254889,0.002929,1.0,1.0,1.0,1.0
559,1.0,1.0,1.0,1.0,0.681860735,0.613675,0.071808156,0.064627,1.0,1.0,1.0,1.0
560,1.0,1.0,1.0,1.0,0.650830568,0.585748,0.163766585,0.14739,1.0,1.0,1.0,1.0
561,1.0,1.0,1.0,1.0,0.612149539,0.550935,0.192914551,0.173623,1.0,1.0,1.0,1.0
562,1.0,1.0,1.0,1.0,0.605152115,0.544637,0.203244521,0.18292,1.0,1.0,1.0,1.0
563,1.0,1.0,1.0,1.0,0.611745359,0.550571,0.226164422,0.203548,1.0,1.0,1.0,1.0
564,1.0,1.0,1.0,1.0,0.603850002,0.543465,0.257457369,0.231712,1.0,1.0,1.0,1.0
565,1.0,1.0,1.0,1.0,0.605181139,0.544663,0.253969318,0.228572,1.0,1.0,1.0,1.0
566,1.0,1.0,1.0,1.0,0.598288372,0.53846,0.225121563,0.202609,1.0,1.0,1.0,1.0
567,1.0,1.0,1.0,1.0,0.582907099,0.524616,0.187695553,0.168926,1.0,1.0,1.0,1.0
568,1.0,1.0,1.0,1.0,0.562439421,0.506195,0.164139532,0.147726,1.0,1.0,1.0,1.0
569,1.0,1.0,1.0,1.0,0.520537478,0.468484,0.076218333,0.068596,1.0,1.0,1.0,1.0
570,1.0,1.0,1.0,1.0,0.579582539,0.521624,0.004802891,0.004323,1.0,1.0,1.0,1.0
571,1.0,1.0,1.0,1.0,0.63488447,0.571396,0.0,0.0,1.0,1.0,1.0,1.0
572,1.0,1.0,1.0,1.0,0.615175377,0.553658,0.0,0.0,1.0,1.0,1.0,1.0
573,1.0,1.0,1.0,1.0,0.572569493,0.515313,0.0,0.0,1.0,1.0,1.0,1.0
574,1.0,1.0,1.0,1.0,0.531893085,0.478704,0.0,0.0,1.0,1.0,1.0,1.0
575,1.0,1.0,1.0,1.0,0.479608103,0.431647,0.0,0.0,1.0,1.0,1.0,1.0
576,1.0,1.0,1.0,1.0,0.455732751,0.410159,0.0,0.0,1.0,1.0,1.0,1.0
577,1.0,1.0,1.0,1.0,0.554169045,0.498752,0.0,0.0,1.0,1.0,1.0,1.0
578,1.0,1.0,1.0,1.0,0.561343034,0.505209,0.0,0.0,1.0,1.0,1.0,1.0
579,1.0,1.0,1.0,1.0,0.584898884,0.526409,0.0,0.0,1.0,1.0,1.0,1.0
580,1.0,1.0,1.0,1.0,0.617941112,0.556147,0.0,0.0,1.0,1.0,1.0,1.0
581,1.0,1.0,1.0,1.0,0.648670238,0.583803,0.0,0.0,1.0,1.0,1.0,1.0
582,1.0,1.0,1.0,1.0,0.7037737,0.633396,3.97e-07,0.0,1.0,1.0,1.0,1.0
583,1.0,1.0,1.0,1.0,0.760230603,0.684208,0.046288648,0.04166,1.0,1.0,1.0,1.0
584,1.0,1.0,1.0,1.0,0.759214712,0.683293,0.196911393,0.17722,1.0,1.0,1.0,1.0
585,1.0,1.0,1.0,1.0,0.742991606,0.668692,0.26497187,0.238475,1.0,1.0,1.0,1.0
586,1.0,1.0,1.0,1.0,0.753347733,0.678013,0.283737811,0.255364,1.0,1.0,1.0,1.0
587,1.0,1.0,1.0,1.0,0.770454077,0.693409,0.308033922,0.277231,1.0,1.0,1.0,1.0
588,1.0,1.0,1.0,1.0,0.787698875,0.708929,0.314140727,0.282727,1.0,1.0,1.0,1.0
589,1.0,1.0,1.0,1.0,0.812350534,0.731115,0.332801128,0.299521,1.0,1.0,1.0,1.0
590,1.0,1.0,1.0,1.0,0.831973716,0.748776,0.380300402,0.34227,1.0,1.0,1.0,1.0
591,1.0,1.0,1.0,1.0,0.842365402,0.758129,0.413933886,0.37254,1.0,1.0,1.0,1.0
592,1.0,1.0,1.0,1.0,0.828157639,0.745342,0.376634074,0.338971,1.0,1.0,1.0,1.0
593,1.0,1.0,1.0,1.0,0.770357881,0.693322,0.108121573,0.097309,1.0,1.0,1.0,1.0
594,1.0,1.0,1.0,1.0,0.803945734,0.723551,2.05e-05,1.8e-05,1.0,1.0,1.0,1.0
595,1.0,1.0,1.0,1.0,0.813816946,0.732435,0.0,0.0,1.0,1.0,1.0,1.0
596,1.0,1.0,1.0,1.0,0.789380438,0.710442,0.0,0.0,1.0,1.0,1.0,1.0
597,1.0,1.0,1.0,1.0,0.778408245,0.700567,0.0,0.0,1.0,1.0,1.0,1.0
598,1.0,1.0,1.0,1.0,0.756078832,0.680471,0.0,0.0,1.0,1.0,1.0,1.0
599,1.0,1.0,1.0,1.0,0.721272148,0.649145,0.0,0.0,1.0,1.0,1.0,1.0
600,1.0,1.0,1.0,1.0,0.700777483,0.6307,0.0,0.0,1.0,1.0,1.0,1.0
601,1.0,1.0,1.0,1.0,0.147956404,0.133161,0.0,0.0,1.0,1.0,1.0,1.0
602,1.0,1.0,1.0,1.0,0.164372188,0.147935,0.0,0.0,1.0,1.0,1.0,1.0
603,1.0,1.0,1.0,1.0,0.17940653,0.161466,0.0,0.0,1.0,1.0,1.0,1.0
604,1.0,1.0,1.0,1.0,0.188990996,0.170092,0.0,0.0,1.0,1.0,1.0,1.0
605,1.0,1.0,1.0,1.0,0.188143775,0.169329,0.0,0.0,1.0,1.0,1.0,1.0
606,1.0,1.0,1.0,1.0,0.187402525,0.168662,0.0,0.0,1.0,1.0,1.0,1.0
607,1.0,1.0,1.0,1.0,0.184306675,0.165876,0.001058452,0.000953,1.0,1.0,1.0,1.0
608,1.0,1.0,1.0,1.0,0.183235738,0.164912,0.085140034,0.076626,1.0,1.0,1.0,1.0
609,1.0,1.0,1.0,1.0,0.145773316,0.131196,0.295513868,0.265962,1.0,1.0,1.0,1.0
610,1.0,1.0,1.0,1.0,0.084096881,0.075687,0.387189234,0.34847,1.0,1.0,1.0,1.0
611,1.0,1.0,1.0,1.0,0.059762953,0.053787,0.378201506,0.340381,1.0,1.0,1.0,1.0
612,1.0,1.0,1.0,1.0,0.056048949,0.050444,0.381175954,0.343058,1.0,1.0,1.0,1.0
613,1.0,1.0,1.0,1.0,0.055473945,0.049927,0.435975193,0.392378,1.0,1.0,1.0,1.0
614,1.0,1.0,1.0,1.0,0.056968549,0.051272,0.50722894,0.456506,1.0,1.0,1.0,1.0
615,1.0,1.0,1.0,1.0,0.067625648,0.060863,0.472549106,0.425294,1.0,1.0,1.0,1.0
616,1.0,1.0,1.0,1.0,0.093610621,0.08425,0.16257932,0.146321,1.0,1.0,1.0,1.0
617,1.0,1.0,1.0,1.0,0.131196415,0.118077,0.0042755,0.003848,1.0,1.0,1.0,1.0
618,1.0,1.0,1.0,1.0,0.149662483,0.134696,0.0,0.0,1.0,1.0,1.0,1.0
619,1.0,1.0,1.0,1.0,0.164951193,0.148456,0.0,0.0,1.0,1.0,1.0,1.0
620,1.0,1.0,1.0,1.0,0.174573646,0.157116,0.0,0.0,1.0,1.0,1.0,1.0
621,1.0,1.0,1.0,1.0,0.173123099,0.155811,0.0,0.0,1.0,1.0,1.0,1.0
622,1.0,1.0,1.0,1.0,0.163571575,0.147214,0.0,0.0,1.0,1.0,1.0,1.0
623,1.0,1.0,1.0,1.0,0.158676743,0.142809,0.0,0.0,1.0,1.0,1.0,1.0
624,1.0,1.0,1.0,1.0,0.156877309,0.14119,0.0,0.0,1.0,1.0,1.0,1.0
625,1.0,1.0,1.0,1.0,0.445421067,0.400879,0.0,0.0,1.0,1.0,1.0,1.0
626,1.0,1.0,1.0,1.0,0.466177157,0.419559,0.0,0.0,1.0,1.0,1.0,1.0
627,1.0,1.0,1.0,1.0,0.47690462,0.429214,0.0,0.0,1.0,1.0,1.0,1.0
628,1.0,1.0,1.0,1.0,0.485372344,0.436835,0.0,0.0,1.0,1.0,1.0,1.0
629,1.0,1.0,1.0,1.0,0.493124466,0.443812,0.0,0.0,1.0,1.0,1.0,1.0
630,1.0,1.0,1.0,1.0,0.509483646,0.458535,0.0,0.0,1.0,1.0,1.0,1.0
631,1.0,1.0,1.0,1.0,0.529337585,0.476404,0.001361807,0.001226,1.0,1.0,1.0,1.0
632,1.0,1.0,1.0,1.0,0.541516935,0.487365,0.114794753,0.103315,1.0,1.0,1.0,1.0
633,1.0,1.0,1.0,1.0,0.52251936,0.470267,0.353344126,0.31801,1.0,1.0,1.0,1.0
634,1.0,1.0,1.0,1.0,0.476523742,0.428871,0.418981546,0.377083,1.0,1.0,1.0,1.0
635,1.0,1.0,1.0,1.0,0.444365537,0.399929,0.397331202,0.357598,1.0,1.0,1.0,1.0
636,1.0,1.0,1.0,1.0,0.444777476,0.4003,0.393915696,0.354524,1.0,1.0,1.0,1.0
637,1.0,1.0,1.0,1.0,0.465054301,0.418549,0.435853685,0.392268,1.0,1.0,1.0,1.0
638,1.0,1.0,1.0,1.0,0.499120373,0.449208,0.489292146,0.440363,1.0,1.0,1.0,1.0
639,1.0,1.0,1.0,1.0,0.550719152,0.495647,0.410663892,0.369598,1.0,1.0,1.0,1.0
640,1.0,1.0,1.0,1.0,0.640615192,0.576554,0.127031814,0.114329,1.0,1.0,1.0,1.0
641,1.0,1.0,1.0,1.0,0.70753075,0.636778,0.002817608,0.002536,1.0,1.0,1.0,1.0
642,1.0,1.0,1.0,1.0,0.711507259,0.640357,0.0,0.0,1.0,1.0,1.0,1.0
643,1.0,1.0,1.0,1.0,0.687384014,0.618646,0.0,0.0,1.0,1.0,1.0,1.0
644,1.0,1.0,1.0,1.0,0.672546489,0.605292,0.0,0.0,1.0,1.0,1.0,1.0
645,1.0,1.0,1.0,1.0,0.641418402,0.577277,0.0,0.0,1.0,1.0,1.0,1.0
646,1.0,1.0,1.0,1.0,0.602733077,0.54246,0.0,0.0,1.0,1.0,1.0,1.0
647,1.0,1.0,1.0,1.0,0.567424942,0.510682,0.0,0.0,1.0,1.0,1.0,1.0
648,1.0,1.0,1.0,1.0,0.526929888,0.474237,0.0,0.0,1.0,1.0,1.0,1.0
649,1.0,1.0,1.0,1.0,0.922729163,0.830456,0.0,0.0,1.0,1.0,1.0,1.0
650,1.0,1.0,1.0,1.0,0.92768382,0.834915,0.0,0.0,1.0,1.0,1.0,1.0
651,1.0,1.0,1.0,1.0,0.918095313,0.826286,0.0,0.0,1.0,1.0,1.0,1.0
652,1.0,1.0,1.0,1.0,0.907735498,0.816962,0.0,0.0,1.0,1.0,1.0,1.0
653,1.0,1.0,1.0,1.0,0.895886935,0.806298,0.0,0.0,1.0,1.0,1.0,1.0
654,1.0,1.0,1.0,1.0,0.897219185,0.807497,0.0,0.0,1.0,1.0,1.0,1.0
655,1.0,1.0,1.0,1.0,0.905957907,0.815362,0.000537,0.000483,1.0,1.0,1.0,1.0
656,1.0,1.0,1.0,1.0,0.900501309,0.810451,0.094348259,0.084913,1.0,1.0,1.0,1.0
657,1.0,1.0,1.0,1.0,0.897778478,0.808001,0.305024999,0.274522,1.0,1.0,1.0,1.0
658,1.0,1.0,1.0,1.0,0.917373793,0.825636,0.358259792,0.322434,1.0,1.0,1.0,1.0
659,1.0,1.0,1.0,1.0,0.924316082,0.831884,0.332654747,0.299389,1.0,1.0,1.0,1.0
660,1.0,1.0,1.0,1.0,0.92738823,0.834649,0.318590031,0.286731,1.0,1.0,1.0,1.0
661,1.0,1.0,1.0,1.0,0.926357975,0.833722,0.318799019,0.286919,1.0,1.0,1.0,1.0
662,1.0,1.0,1.0,1.0,0.924659817,0.832194,0.325168261,0.292651,1.0,1.0,1.0,1.0
663,1.0,1.0,1.0,1.0,0.913659612,0.822294,0.258387602,0.232549,1.0,1.0,1.0,1.0
664,1.0,1.0,1.0,1.0,0.86078793,0.774709,0.077800632,0.070021,1.0,1.0,1.0,1.0
665,1.0,1.0,1.0,1.0,0.853615628,0.768254,0.001635249,0.001472,1.0,1.0,1.0,1.0
666,1.0,1.0,1.0,1.0,0.862833746,0.77655,0.0,0.0,1.0,1.0,1.0,1.0
667,1.0,1.0,1.0,1.0,0.859356097,0.77342,0.0,0.0,1.0,1.0,1.0,1.0
668,1.0,1.0,1.0,1.0,0.845035952,0.760532,0.0,0.0,1.0,1.0,1.0,1.0
669,1.0,1.0,1.0,1.0,0.818245692,0.736421,0.0,0.0,1.0,1.0,1.0,1.0
670,1.0,1.0,1.0,1.0,0.803643451,0.723279,0.0,0.0,1.0,1.0,1.0,1.0
671,1.0,1.0,1.0,1.0,0.790196424,0.711177,0.0,0.0,1.0,1.0,1.0,1.0
672,1.0,1.0,1.0,1.0,0.779166161,0.70125,0.0,0.0,1.0,1.0,1.0,1.0
673,1.0,1.0,1.0,1.0,0.869469863,0.782523,0.0,0.0,1.0,1.0,1.0,1.0
674,1.0,1.0,1.0,1.0,0.859981057,0.773983,0.0,0.0,1.0,1.0,1.0,1.0
675,1.0,1.0,1.0,1.0,0.857662669,0.771896,0.0,0.0,1.0,1.0,1.0,1.0
676,1.0,1.0,1.0,1.0,0.847522277,0.76277,0.0,0.0,1.0,1.0,1.0,1.0
677,1.0,1.0,1.0,1.0,0.829967661,0.746971,0.0,0.0,1.0,1.0,1.0,1.0
678,1.0,1.0,1.0,1.0,0.813028837,0.731726,0.0,0.0,1.0,1.0,1.0,1.0
679,1.0,1.0,1.0,1.0,0.809817426,0.728836,0.0,0.0,1.0,1.0,1.0,1.0
680,1.0,1.0,1.0,1.0,0.800768908,0.720692,0.035565542,0.032009,1.0,1.0,1.0,1.0
681,1.0,1.0,1.0,1.0,0.773638787,0.696275,0.262213583,0.235992,1.0,1.0,1.0,1.0
682,1.0,1.0,1.0,1.0,0.733154373,0.659839,0.402822013,0.36254,1.0,1.0,1.0,1.0
683,1.0,1.0,1.0,1.0,0.720555151,0.6485,0.357460624,0.321715,1.0,1.0,1.0,1.0
684,1.0,1.0,1.0,1.0,0.699925967,0.629933,0.325316229,0.292785,1.0,1.0,1.0,1.0
685,1.0,1.0,1.0,1.0,0.676555689,0.6089,0.335030472,0.301527,1.0,1.0,1.0,1.0
686,1.0,1.0,1.0,1.0,0.648387049,0.583548,0.371537307,0.334384,1.0,1.0,1.0,1.0
687,1.0,1.0,1.0,1.0,0.617888808,0.5561,0.33995935,0.305963,1.0,1.0,1.0,1.0
688,1.0,1.0,1.0,1.0,0.634864877,0.571378,0.110149152,0.099134,1.0,1.0,1.0,1.0
689,1.0,1.0,1.0,1.0,0.712299147,0.641069,0.00207777,0.00187,1.0,1.0,1.0,1.0
690,1.0,1.0,1.0,1.0,0.764791187,0.688312,0.0,0.0,1.0,1.0,1.0,1.0
691,1.0,1.0,1.0,1.0,0.781731369,0.703558,0.0,0.0,1.0,1.0,1.0,1.0
692,1.0,1.0,1.0,1.0,0.772804478,0.695524,0.0,0.0,1.0,1.0,1.0,1.0
693,1.0,1.0,1.0,1.0,0.749297982,0.674368,0.0,0.0,1.0,1.0,1.0,1.0
694,1.0,1.0,1.0,1.0,0.7263029,0.653673,0.0,0.0,1.0,1.0,1.0,1.0
695,1.0,1.0,1.0,1.0,0.714467503,0.643021,0.0,0.0,1.0,1.0,1.0,1.0
696,1.0,1.0,1.0,1.0,0.712624727,0.641362,0.0,0.0,1.0,1.0,1.0,1.0
697,1.0,1.0,1.0,1.0,0.725921165,0.653329,0.0,0.0,1.0,1.0,1.0,1.0
698,1.0,1.0,1.0,1.0,0.741427567,0.667285,0.0,0.0,1.0,1.0,1.0,1.0
699,1.0,1.0,1.0,1.0,0.763483767,0.687135,0.0,0.0,1.0,1.0,1.0,1.0
700,1.0,1.0,1.0,1.0,0.783252996,0.704928,0.0,0.0,1.0,1.0,1.0,1.0
701,1.0,1.0,1.0,1.0,0.785799513,0.70722,0.0,0.0,1.0,1.0,1.0,1.0
702,1.0,1.0,1.0,1.0,0.781246547,0.703122,0.0,0.0,1.0,1.0,1.0,1.0
703,1.0,1.0,1.0,1.0,0.770392461,0.693353,0.0,0.0,1.0,1.0,1.0,1.0
704,1.0,1.0,1.0,1.0,0.758407763,0.682567,0.04869289,0.043824,1.0,1.0,1.0,1.0
705,1.0,1.0,1.0,1.0,0.695737867,0.626164,0.342987856,0.308689,1.0,1.0,1.0,1.0
706,1.0,1.0,1.0,1.0,0.603508457,0.543158,0.493841834,0.444458,1.0,1.0,1.0,1.0
707,1.0,1.0,1.0,1.0,0.54483065,0.490348,0.431046408,0.387942,1.0,1.0,1.0,1.0
708,1.0,1.0,1.0,1.0,0.511796401,0.460617,0.392542273,0.353288,1.0,1.0,1.0,1.0
709,1.0,1.0,1.0,1.0,0.477439092,0.429695,0.421310935,0.37918,1.0,1.0,1.0,1.0
710,1.0,1.0,1.0,1.0,0.447759862,0.402984,0.51035847,0.459323,1.0,1.0,1.0,1.0
711,1.0,1.0,1.0,1.0,0.418131332,0.376318,0.486021629,0.437419,1.0,1.0,1.0,1.0
712,1.0,1.0,1.0,1.0,0.429221585,0.386299,0.154097156,0.138687,1.0,1.0,1.0,1.0
713,1.0,1.0,1.0,1.0,0.442996016,0.398696,0.002558052,0.002302,1.0,1.0,1.0,1.0
714,1.0,1.0,1.0,1.0,0.42395752,0.381562,0.0,0.0,1.0,1.0,1.0,1.0
715,1.0,1.0,1.0,1.0,0.401683785,0.361515,0.0,0.0,1.0,1.0,1.0,1.0
716,1.0,1.0,1.0,1.0,0.375047635,0.337543,0.0,0.0,1.0,1.0,1.0,1.0
717,1.0,1.0,1.0,1.0,0.345424611,0.310882,0.0,0.0,1.0,1.0,1.0,1.0
718,1.0,1.0,1.0,1.0,0.326433121,0.29379,0.0,0.0,1.0,1.0,1.0,1.0
719,1.0,1.0,1.0,1.0,0.308939255,0.278045,0.0,0.0,1.0,1.0,1.0,1.0
720,1.0,1.0,1.0,1.0,0.292908163,0.263617,0.0,0.0,1.0,1.0,1.0,1.0
