Time_index,Demand-base,Demand-1,Demand-2,Demand-3,Demand-4,Demand-5,Demand-6,Demand-7,Demand-8,Demand-9,Demand-10
1,12933,12933,12347.27482,12699.72542,12146.57012,12575.31325,12507.44199,12925.75373,12354.54989,12157.82196,12531.4142
2,12100,12100,11552.00072,11881.75037,11364.22318,11765.35145,11701.8517,12093.22045,11558.80721,11374.75031,11724.27989
3,11687,11687,11157.70516,11476.19972,10976.33689,11363.77376,11302.44139,11680.45185,11164.27933,10986.5047,11324.10405
4,11501,11501,10980.12895,11293.55463,10801.64718,11182.91794,11122.56169,11494.55607,10986.59849,10811.65317,11143.87959
5,11546,11546,11023.09093,11337.74296,10843.91082,11226.67338,11166.08097,11539.53085,11029.58579,10853.95596,11187.48228
6,11965,11965,11423.11476,11749.18539,11237.43226,11634.08514,11571.29385,11958.29609,11429.84531,11247.84194,11593.47181
7,13187,13187,12589.77136,12949.14398,12385.12489,12822.2884,12753.08416,13179.61141,12597.18931,12396.59771,12777.52718
8,15362,15362,14666.26736,15084.91315,14427.86748,14937.13463,14856.51618,15353.39277,14674.90879,14441.23258,14884.99071
9,16574,16574,15823.37685,16275.05212,15566.16818,16115.61446,16028.63555,16564.7137,15832.70006,15580.58774,16059.3566
10,16766,16766,16006.68133,16463.58898,15746.49305,16302.30434,16214.31782,16756.60612,16016.11254,15761.07964,16245.39476
11,16894,16894,16128.88431,16589.28023,15866.70962,16426.76425,16338.106,16884.53441,16138.38752,15881.40758,16369.4202
12,17042,17042,16270.18151,16734.61073,16005.71004,16570.67103,16481.23609,17032.45148,16279.76798,16020.53676,16512.82462
13,17071,17071,16297.86812,16763.08765,16032.94661,16598.86898,16509.28185,17061.43523,16307.4709,16047.79856,16540.92413
14,17012,17012,16241.54019,16705.15184,15977.53428,16541.50074,16452.22323,17002.46829,16251.10978,15992.3349,16483.75615
15,16979,16979,16210.03473,16672.74707,15946.54094,16509.41342,16420.30909,16969.48678,16219.58576,15961.31285,16451.78084
16,16918,16918,16151.79737,16612.84733,15889.25023,16450.10049,16361.31629,16908.52096,16161.31408,15903.96907,16392.67497
17,17154,17154,16377.10912,16844.59056,16110.89954,16679.57346,16589.55075,17144.38873,16386.75859,16125.8237,16621.34688
18,18508,18508,17669.78755,18174.16825,17382.56551,17996.12601,17898.99763,18497.63009,17680.19867,17398.66766,17933.30348
19,19960,19960,19056.02763,19599.97829,18746.27229,19407.96818,19303.21983,19948.81655,19067.25553,18763.6377,19340.21707
20,19996,19996,19090.39722,19635.32896,18780.0832,19442.97254,19338.03526,19984.79638,19101.64537,18797.47993,19375.09923
21,19654,19654,18763.88613,19299.49767,18458.87954,19110.4312,19007.28871,19642.988,18774.9419,18475.97872,19043.71875
22,19012,19012,18150.96179,18669.07752,17855.91828,18486.18693,18386.4136,19001.3477,18161.65642,17872.45891,18421.65366
23,17885,17885,17075.00272,17562.4054,16797.44889,17390.35626,17296.49733,17874.97916,17085.06339,16813.00903,17329.64841
24,16380,16380,15638.16296,16084.55133,15383.96494,15926.9799,15841.01908,16370.8224,15647.37704,15398.21571,15871.38054
25,12912,12912,13374.54364,13756.31743,13157.14071,13621.55442,13548.0364,14001.15085,13382.42399,13169.32868,13574.00305
26,12184,12184,12497.16442,12853.89358,12294.02326,12727.97112,12659.27593,13082.66576,12504.5278,12305.4117,12683.53915
27,11833,11833,11984.48471,12326.57954,11789.67716,12205.82288,12139.94582,12545.96664,11991.54603,11800.5984,12163.21367
28,11717,11717,11751.53528,12086.9806,11560.51431,11968.57116,11903.97459,12302.10335,11758.45934,11571.22327,11926.79018
29,11765,11765,11683.75081,12017.26124,11493.83168,11899.5348,11835.31084,12231.14313,11690.63493,11504.47887,11857.99482
30,12194,12194,11974.93761,12316.75991,11780.28524,12196.09945,12130.27487,12535.97224,11981.99329,11791.19778,12153.52418
31,13405,13405,12993.61403,13364.51426,12782.4031,13233.58953,13162.16543,13602.37441,13001.26993,12794.24394,13187.3925
32,15599,15599,14859.11894,15283.26965,14617.58427,15133.54794,15051.86941,15555.2796,14867.874,14631.12511,15080.71836
33,16868,16868,15957.99108,16413.50888,15698.59426,16252.71484,16164.99597,16705.6347,15967.3936,15713.13648,16195.97837
34,16991,16991,16136.522,16597.13593,15874.22316,16434.543,16345.84276,16892.52992,16146.02971,15888.92808,16377.17179
35,17009,17009,16149.88795,16610.88341,15887.37185,16448.1558,16359.3821,16906.52208,16159.40354,15902.08894,16390.73707
36,16996,16996,16137.47671,16598.11789,15875.16235,16435.51534,16346.80986,16893.52936,16146.98498,15889.86814,16378.14074
37,16841,16841,16074.4658,16533.30834,15813.17568,16371.3407,16282.98158,16827.56634,16083.93695,15827.82405,16314.19012
38,16560,16560,15978.04,16434.1301,15718.31729,16273.13404,16185.30496,16726.62293,15987.45434,15732.87778,16216.3263
39,16376,16376,15975.17587,16431.18421,15715.49971,16270.21702,16182.40368,16723.62461,15984.58852,15730.0576,16213.41945
40,16152,16152,15916.93851,16371.28448,15658.209,16210.90409,16123.41087,16662.65879,15926.31685,15672.71381,16154.31358
41,16215,16215,16056.32629,16514.65105,15795.33103,16352.86618,16264.60677,16808.57699,16065.78675,15809.96287,16295.7801
42,17323,17323,16968.07511,17452.42556,16692.25939,17281.45383,17188.18267,17763.04191,16978.07278,16707.72209,17221.12615
43,18781,18781,17803.44706,18311.64305,17514.05239,18132.25404,18034.39095,18637.55165,17813.93693,17530.27634,18068.95631
44,18735,18735,17591.50126,18093.6473,17305.55177,17916.39388,17819.69582,18415.67604,17601.86626,17321.58258,17853.84969
45,18237,18237,17054.95379,17541.78418,16777.72586,17369.93706,17276.18833,17853.99092,17065.00265,16793.26773,17309.30049
46,17500,17500,16242.4949,16706.1338,15978.47347,16542.47308,16453.19033,17003.46773,16252.06505,15993.27496,16484.7251
47,16287,16287,15064.38177,15494.39166,14819.51055,15342.6017,15259.79488,15770.15913,15073.25777,14833.23844,15289.04234
48,14758,14758,13565.4858,13952.71,13344.97911,13816.02304,13741.45544,14201.03879,13573.47865,13357.34109,13767.7928
49,12327,12327,12872.36576,13239.80498,12663.12572,13110.10196,13039.34434,13475.44557,12879.95022,12674.85607,13064.33601
50,11485,11485,12057.99745,12402.19067,11861.99494,12280.69329,12214.41215,12622.9235,12065.10207,11872.98317,12237.82273
51,11059,11059,11612.1475,11943.61403,11423.39228,11826.60907,11762.7787,12156.18515,11618.98943,11433.97422,11785.32366
52,10865,10865,11398.29228,11723.65435,11213.01327,11608.80422,11546.14938,11932.31066,11405.00821,11223.40033,11568.27914
53,10875,10875,11364.8774,11689.28565,11180.14155,11574.77221,11512.30105,11897.33027,11371.57364,11190.49815,11534.36593
54,11239,11239,11678.02255,12011.36946,11488.19653,11893.70074,11829.50827,12225.14649,11684.90329,11498.83849,11852.18112
55,12411,12411,12748.25336,13112.14981,12541.03076,12983.69735,12913.62196,13345.5184,12755.76469,12552.64801,12938.37267
56,14606,14606,14751.23662,15172.30785,14511.45557,15023.67317,14942.58766,15442.34291,14759.92812,14524.8981,14971.22715
57,15739,15739,15843.42578,16295.67334,15585.89122,16136.03367,16048.94454,16585.70193,15852.7608,15600.32904,16079.70452
58,15955,15955,15953.21752,16408.59906,15693.8983,16247.85312,16160.16049,16700.6375,15962.61723,15708.43617,16191.13363
59,16109,16109,15929.34975,16384.04999,15670.4185,16223.54455,16135.98311,16675.65151,15938.7354,15684.93462,16166.90991
60,16262,16262,15861.56529,16314.33063,15603.73586,16154.50819,16067.31935,16604.69129,15870.91099,15618.19022,16098.11455
61,16284,16284,15667.75899,16114.99217,15413.07989,15957.12254,15870.99903,16401.80503,15676.99051,15427.35763,15901.41795
62,16228,16228,15401.39468,15841.02454,15151.04532,15685.83881,15601.17947,16122.96135,15410.46925,15165.08033,15631.08125
63,16208,16208,15175.12822,15608.29935,14928.45682,15455.3935,15371.97792,15886.09414,15184.06947,14942.28563,15401.4404
64,16152,16152,14931.67696,15357.89882,14688.96286,15207.44601,15125.36865,15631.23701,14940.47478,14702.56982,15154.35847
65,16300,16300,14840.02473,15263.63039,14598.80043,15114.10107,15032.52751,15535.2908,14848.76854,14612.32387,15061.33939
66,17014,17014,15351.74972,15789.96247,15102.20734,15635.27697,15550.89053,16070.99048,15360.79504,15116.1971,15580.69592
67,18069,18069,16783.81592,17262.90673,16510.99534,17093.79162,17001.5333,17570.15004,16793.70502,16526.29012,17034.11904
68,18100,18100,16980.48635,17465.19108,16704.46889,17294.09429,17200.75491,17776.03462,16990.49133,16719.94289,17233.72249
69,17706,17706,16581.41723,17054.73061,16311.88663,16887.65488,16796.50912,17358.26883,16591.18708,16326.99697,16828.70191
70,17043,17043,15901.66314,16355.57307,15643.18193,16195.3466,16107.93735,16646.66776,15911.03247,15657.67282,16138.8104
71,15947,15947,14816.15696,15239.08132,14575.32063,15089.7925,15008.35013,15510.30481,14824.8867,14588.82232,15037.11567
72,14494,14494,13386.95488,13769.08295,13169.3502,13634.19488,13560.60864,14014.14357,13394.84254,13181.54949,13586.59939
73,13095,13095,12501.93797,12894.15406,11928.67757,12732.83283,11921.38231,12320.09326,11775.65426,11588.14438,11944.23125
74,12313,12313,11755.35412,12045.73816,11134.12114,11972.46053,11107.08816,11478.56503,10971.31412,10796.61217,11128.37641
75,11953,11953,11411.65823,11632.33181,10706.78878,11622.41702,10695.10562,11052.80372,10564.36768,10396.14576,10715.60424
76,11835,11835,11299.00236,11433.97531,10496.40978,11507.68053,10507.48915,10858.91241,10379.04466,10213.77373,10527.62818
77,11892,11892,11353.42087,11443.79494,10499.22735,11563.10409,10517.1601,10868.90681,10388.59739,10223.17435,10537.31767
78,12307,12307,11749.62586,11825.77849,10798.8296,11966.62648,10869.18275,11232.70286,10736.31688,10565.35692,10890.01501
79,13539,13539,12925.82957,13027.701,11860.11656,13164.55317,12002.6183,12404.0462,11855.89722,11667.10959,12025.62295
80,15713,15713,15001.37085,15125.17363,13827.7238,15278.42706,14125.39223,14597.81636,13952.72216,13730.5457,14152.46546
81,16771,16771,16011.45488,16098.29881,14968.84207,16307.16605,15221.11107,15730.18154,15035.04684,14795.63596,15250.28439
82,16891,16891,16126.02018,16107.13647,15083.4235,16423.84722,15430.00363,15946.06052,15241.38587,14998.68935,15459.57732
83,16814,16814,16052.50745,16003.04841,15098.45057,16348.97681,15578.93629,16099.97424,15388.49797,15143.4589,15608.79543
84,16711,16711,15954.17223,15918.59961,15089.05865,16248.82547,15726.90185,16252.88851,15534.65478,15287.28839,15757.04459
85,16514,16514,15766.09421,15733.00863,15055.24774,16057.27388,15748.17794,16274.87618,15555.6708,15307.96975,15778.36146
86,16246,16246,15510.23171,15472.78848,14911.55136,15796.68593,15694.02061,16218.90756,15502.17549,15255.32628,15724.10033
87,16114,16114,15384.20988,15303.89087,14760.34145,15668.33664,15674.67871,16198.91877,15483.07002,15236.52504,15704.72136
88,15986,15986,15262.0069,15069.20175,14466.37435,15543.87672,15620.52138,16142.95014,15429.57472,15183.88157,15650.46023
89,16139,16139,15408.07765,15018.13968,14345.21859,15692.64522,15763.65147,16290.86722,15570.95517,15323.01075,15793.86464
90,16805,16805,16043.91505,15465.91474,14771.61175,16340.22572,16454.15743,17004.46717,16253.02032,15994.21502,16485.69405
91,18110,18110,17289.81265,16854.41019,16079.90621,17609.13346,17474.44284,18058.87606,17260.83368,16985.98044,17507.93498
92,18310,18310,17480.75481,17382.7062,16249.89996,17803.60208,17504.42279,18089.85869,17290.44715,17015.12236,17537.97239
93,17872,17872,17062.59148,17081.24361,15850.74336,17377.7158,17123.38729,17696.07945,16914.06946,16644.73793,17156.20659
94,17156,17156,16379.01854,16508.75927,15213.97119,16681.51814,16482.20319,17033.45092,16280.72325,16021.47682,16513.79356
95,15986,15986,15262.0069,15474.7524,14165.83291,15543.87672,15422.26687,15938.065,15233.74369,14991.16886,15451.82573
96,14447,14447,13792.70698,14068.58161,12794.6126,14047.4407,14017.07757,14485.87911,13845.73155,13625.25876,14043.9432
97,12496,12496,12536.30756,12200.88829,11577.41977,12835.9012,12701.82812,13123.64279,12509.30417,12310.11201,12794.96826
98,11836,11836,11711.43742,11402.5525,10786.6201,12165.95681,11865.29079,12260.12688,11762.28043,11574.98352,11975.23761
99,11463,11463,11309.50418,10955.75941,10386.52431,11807.16221,11470.71595,11839.36277,11418.38203,11236.56119,11564.40334
100,11258,11258,11116.65259,10738.74562,10204.32106,11678.81292,11322.75039,11637.47595,11305.65978,11125.63388,11405.49575
101,11295,11295,11126.1997,10732.85385,10213.71298,11681.72995,11354.66453,11647.47034,11360.11036,11179.21741,11424.87472
102,11605,11605,11497.5822,11050.02784,10555.57887,11844.11125,11712.48975,12036.25239,11756.54879,11569.34314,11804.70263
103,12426,12426,12666.14823,12018.2432,11656.31189,12208.73991,12816.91245,13259.56659,12933.44552,12727.49954,12924.80739
104,13634,13634,14705.4105,13616.87871,13717.83833,12783.39468,14798.49047,15394.3698,15010.20973,14771.19435,15013.8609
105,14565,14565,15651.52891,14827.63889,14781.94287,13436.80924,15807.17075,16384.81455,16020.88891,15765.77995,16051.60501
106,15326,15326,15660.12131,15571.96672,14984.80834,14353.72877,15952.23503,16393.80951,16135.5217,15878.58739,16170.78571
107,15798,15798,15558.92196,15956.89616,15129.44391,15023.67317,15861.32808,16287.8689,16061.96566,15806.20262,16141.71724
108,15999,15999,15476.81683,16222.02612,15273.14028,15352.32513,15827.47975,16201.91709,15963.57251,15709.37623,16104.89719
109,15947,15947,15296.37649,16295.67334,15293.80251,15425.25087,15695.9548,16013.02298,15775.38366,15524.18402,15946.95855
110,15700,15700,15043.37813,16198.45902,15241.20775,15368.85497,15420.33268,15748.17146,15519.37041,15272.2474,15666.93236
111,15415,15415,14879.16787,16145.43302,15222.42391,15189.94384,15201.76916,15576.26783,15393.27433,15148.15921,15457.63943
112,15185,15185,14650.99199,16025.63356,15169.82916,15032.42425,14931.94961,15337.40174,15270.99935,15027.83128,15232.84332
113,15120,15120,14601.34703,15949.04045,15308.82958,15122.85216,14820.73366,15285.43087,15417.15617,15171.66076,15148.54477
114,15586,15586,15036.69515,16246.57519,15979.41266,15777.23907,15280.10387,15741.17538,16053.3682,15797.74206,15600.07489
115,16932,16932,16386.65623,16926.09348,16970.26022,17252.28354,16741.38469,17154.38313,17299.99989,17024.52298,16849.04983
116,17646,17646,16900.29064,16950.64255,16999.37517,17833.74471,17161.104,17692.08169,17491.05455,17212.53538,17019.58481
117,17212,17212,16607.19442,16406.63514,16629.33353,17531.34601,16734.61503,17385.2537,17072.64483,16800.78822,16604.87475
118,16550,16550,16050.59803,15703.54974,16006.64923,16910.99112,16003.49107,16802.58035,16388.66914,16127.70383,16032.22604
119,15530,15530,15045.28755,14792.28823,14977.2948,15896.83727,14841.04266,15750.17034,15270.99935,15027.83128,15191.17852
120,14242,14242,13678.14168,13627.6803,13612.64883,14719.32978,13456.16236,14318.97268,13800.8337,13581.07584,14056.53953
121,13175,13175,11862.28173,12855.85751,12402.03034,12081.36296,12698.92683,13193.60357,11869.27104,11936.90739,12558.54476
122,12382,12382,11086.10185,12026.09891,11607.47391,11290.84802,11863.3566,12504.98961,11092.63383,11121.87363,11838.61584
123,11961,11961,10651.70843,11617.60236,11209.2565,10848.43192,11456.20952,12136.19636,10657.98447,10680.04448,11407.43365
124,11749,11749,10440.71734,11400.58858,11055.22902,10633.54409,11260.8563,12004.27032,10446.86906,10474.1709,11176.82384
125,11744,11744,10434.98908,11394.6968,11074.01286,10627.71003,11270.52725,12007.26864,10441.13742,10437.50849,11123.53166
126,12073,12073,10743.36067,11720.70846,11442.17612,10941.77685,11646.72728,12174.17507,10749.69071,10748.66901,11215.58179
127,13233,13233,11684.70552,12738.02197,12527.88207,11900.50714,12830.45178,12548.96496,11691.5902,11696.25152,11545.02437
128,14974,14974,13238.97471,14478.06012,14552.78002,13483.4817,14896.16709,13139.63382,13246.77517,13234.19296,11969.42392
129,15889,15889,14416.13313,15605.35346,15558.65465,14682.38074,15854.55841,13811.25731,14424.62718,14246.63975,12544.01053
130,15901,15901,15139.80392,16110.08236,15674.17526,15419.41681,15863.26227,14753.72895,15148.72436,14576.60151,13371.49276
131,15804,15804,15514.05055,16423.32851,15645.9995,15800.5753,15760.75018,15442.34291,15523.1915,14620.78443,13909.25932
132,15716,15716,15771.82247,16682.5667,15610.31021,16063.10794,15677.57999,15780.15353,15781.1153,14657.44684,14159.2481
133,15524,15524,15843.42578,16767.0155,15457.22191,16136.03367,15494.799,15855.11151,15852.7608,14585.06207,14245.48454
134,15290,15290,15748.90941,16714.97147,15185.79543,16039.7717,15238.51878,15797.144,15758.18874,14362.26737,14167.96864
135,15159,15159,15697.35503,16632.48659,14982.92995,15987.26517,15072.17841,15613.2471,15706.60398,14221.25807,13902.47668
136,14880,14880,15580.88031,16504.83142,14765.03741,15868.63932,14841.04266,15451.33787,15590.06064,14008.80406,13630.20208
137,14740,14740,15506.41287,16460.64309,14683.32771,15792.79656,14790.75371,15544.28576,15515.54932,13878.13544,13605.00941
138,14955,14955,15795.69024,16773.88924,15120.99118,16087.41651,15231.74912,16216.90868,15804.99713,14135.71243,14060.41533
139,15796,15796,16456.35012,17570.2611,16331.60966,16760.27794,16599.2217,17733.05872,16466.04627,15203.62287,15246.4086
140,16900,16900,16480.21789,18073.02608,16496.90746,16784.58651,17119.51891,18330.72366,16489.92811,15838.16473,16313.22117
141,16641,16641,15951.3081,17712.64572,16094.93328,16245.90844,16822.62069,18019.89791,15960.70669,15505.38278,16011.87811
142,15981,15981,15267.73517,17024.28976,15539.87081,15549.71078,16258.8042,17382.25538,15276.73099,14871.78098,15426.63307
143,14888,14888,14381.76354,15920.56353,14724.65215,14647.37639,15240.45297,16339.83977,14390.23734,13921.37829,14486.75278
144,13425,13425,13249.47653,14493.77152,13624.85832,13494.17748,13855.57267,15129.51828,13257.28318,12640.07377,13372.46171
145,11591,11591,12578.31483,12937.36042,12697.87582,12095.94811,12016.15764,12418.03836,11883.60014,11680.27046,12054.69141
146,10798,10798,11821.22917,12158.66389,11984.0899,11325.85238,11229.90925,11605.49387,11127.02367,10916.00005,11418.09208
147,10316,10316,11419.29592,11745.25753,11667.5822,10855.23832,10789.88094,11150.74881,10664.67138,10488.27183,11103.18374
148,10058,10058,11216.89723,11537.08141,11539.85209,10598.53974,10576.15291,10929.87263,10412.47922,10280.51813,11003.38202
149,9923,9923,11212.12367,11532.1716,11593.38603,10499.36074,10570.35034,10923.87599,10315.04135,10274.87776,11082.83581
150,9967,9967,11526.22353,11855.23737,11985.96829,10575.20351,10882.72208,11246.69502,10389.55266,10578.51779,11512.08011
151,10214,10214,12633.68806,12994.31427,13134.6001,10857.183,11836.27793,12232.14257,10666.58193,11505.41893,12714.54551
152,10721,10721,14295.83957,14703.91157,14866.47015,11317.10129,13410.70889,13859.23041,11118.42621,13035.83988,14549.73445
153,11302,11302,15169.39995,15602.40757,15785.93911,11998.7138,14603.13725,15091.53957,11788.07281,14194.93634,15582.63381
154,12170,12170,15180.85648,15614.19113,15845.10821,12958.41643,15336.19539,15849.11487,12730.92758,14907.50334,15797.74044
155,12889,12889,15088.24954,15518.94073,15724.89163,13714.89936,15715.29671,16240.89523,13474.13023,15276.00765,15843.28103
156,13196,13196,15004.23498,15432.528,15631.91162,14060.08116,15976.41241,16510.74396,13813.25226,15529.82439,15883.00793
157,13244,13244,14820.93051,15243.99113,15486.33686,14193.29216,16048.94454,16585.70193,13944.1247,15600.32904,15771.57882
158,13107,13107,14597.52818,15014.21183,15217.72795,14160.2325,15953.20212,16486.7574,13911.64541,15507.2629,15560.34799
159,12864,12864,14472.46107,14885.5747,15034.58551,13942.42764,15900.97898,16432.78766,13697.66418,15456.49955,15370.43404
160,12650,12650,14206.09675,14611.60707,14755.64549,13808.2443,15782.99337,16310.85601,13565.83646,15341.81199,15108.81788
161,12534,12534,14072.43724,14474.13227,14632.61134,13816.99539,15707.55994,16232.89972,13574.43392,15268.48715,15039.05357
162,12683,12683,14277.70006,14685.25428,14878.67964,14147.59204,16000.58978,16535.72995,13899.22685,15553.32594,15381.09247
163,13006,13006,15080.61185,15511.08503,15724.89163,15104.37764,16669.81965,17227.34223,14839.2158,16203.84885,16417.86764
164,13443,13443,16134.61258,16595.172,16820.92869,16143.81241,16693.99703,17252.32822,15860.40299,16227.3504,17588.35773
165,14529,14529,15887.34248,16340.84363,16673.47555,15900.72664,16158.2263,16698.63862,15621.58466,15706.55605,17364.53057
166,14338,14338,15257.23335,15692.74815,16102.44682,15306.62501,15465.78615,15983.03979,15037.91266,15033.47165,16748.27916
167,13347,13347,14213.73444,14619.46277,15033.64632,14337.19894,14568.32182,15055.55974,14085.50515,14161.0941,15688.24923
168,12090,12090,12816.99253,13182.85113,13622.97994,13148.02334,13421.34693,13870.22425,12917.20588,13046.18056,14295.86987
169,11436,11436,12010.26191,12353.09253,11815.03534,11270.42882,11770.51546,12572.95151,12585.72604,11694.37139,12765.8998
170,10674,10674,11311.4136,11634.29573,11127.5468,10499.36074,10903.03108,11841.36165,11828.19429,10949.84228,11997.52344
171,10277,10277,11100.42251,11417.28195,10919.98537,10030.69137,10414.64801,11620.48547,11426.02422,10494.85227,11589.59601
172,10119,10119,10890.38613,11201.25012,10713.36313,9779.826854,10210.59093,11400.60873,11223.50628,10246.6759,11384.17888
173,10157,10157,10699.44397,11004.85755,10525.52473,9648.560536,10152.56522,11200.72079,11218.72991,10150.78957,11379.33413
174,10515,10515,10641.20661,10944.95782,10468.23402,9691.343632,10400.14159,11139.75497,11533.01483,10224.11441,11698.11827
175,11684,11684,10801.59803,11109.92758,10626.01827,9931.512376,11398.18381,11307.66084,12641.13189,10496.73239,12822.09882
176,13714,13714,11189.21061,11508.60449,11007.33022,10424.49033,13313.03227,11713.43336,14304.26274,10941.38172,14509.0386
177,14938,14938,11621.69461,11953.43366,11432.7842,10989.42166,14518.03287,12166.17955,15178.33783,11600.36519,15395.62671
178,15296,15296,12281.39977,12631.96998,12081.76587,11833.41547,14901.00256,12856.79239,15189.80111,12528.20639,15407.25409
179,15461,15461,12892.41469,13260.4262,12682.84875,12532.53016,15100.22417,13496.4338,15097.1396,13259.57464,15313.26606
180,15552,15552,13219.88049,13597.23945,13004.9916,12831.03949,15272.36711,13839.24162,15013.07555,13593.29665,15227.99857
181,15439,15439,13298.16678,13677.7604,13082.00535,12877.71196,15294.6103,13921.19568,14829.66307,13722.08514,15041.96041
182,15205,15205,13203.65041,13580.54608,12989.02534,12744.50095,15184.36145,13822.25114,14606.12911,13690.12304,14815.2264
183,15042,15042,12937.2861,13306.57845,12726.99077,12508.22158,15114.7306,13543.40747,14480.98831,13479.54915,14688.29412
184,14771,14771,12625.09566,12985.4766,12419.87499,12300.14016,14923.24575,13216.59068,14214.46705,13349.82059,14417.95742
185,14550,14550,12430.33466,12785.15618,12228.27982,12187.34836,14779.14857,13012.70498,14080.72879,13358.28115,14282.30459
186,14534,14534,12494.30028,12850.94769,12291.20569,12332.22748,14751.10281,13079.66744,14286.11255,13677.90223,14490.62857
187,14748,14748,12849.4527,13216.23787,12640.58511,12646.2943,14792.6879,13451.45901,15089.49742,14602.92325,15305.51447
188,14914,14914,13487.19952,13872.18905,13267.96536,13071.20823,14937.75218,14119.08474,16144.11916,15607.84953,16375.23389
189,15733,15733,14594.66405,15011.26594,14357.42808,14127.17283,15305.24835,15278.4348,15896.70337,15372.83403,16124.27617
190,15796,15796,14376.98999,14787.37841,14143.29231,13941.4553,14887.46323,15050.56254,15266.22298,14798.45615,15484.76999
191,14848,14848,13500.56547,13885.93653,13281.11405,12977.86329,14109.9187,14133.07689,14222.10924,13861.21432,14425.70901
192,13422,13422,12378.78028,12732.13019,12177.56345,11755.62802,13012.26567,12958.73524,12824.54437,12711.51849,13008.13698
193,10919,10919,11301.86649,11624.4761,11118.15488,11489.20602,11427.19667,11831.36725,12017.33841,12385.31697,11793.07525
194,10213,10213,10408.25718,10705.35889,10239.07117,10645.21221,10587.75805,10895.89168,11318.07833,11639.8478,10923.92822
195,9858,9858,9882.211525,10164.29736,9721.576377,10187.23861,10132.25622,10345.2004,11106.96293,11244.08169,10434.6091
196,9729,9729,9586.251176,9859.888881,9430.426858,9962.627355,9908.857234,10035.3741,10896.8028,11044.78854,10230.16091
197,9740,9740,9486.006542,9756.782782,9331.811698,9918.871916,9865.337951,9930.432926,10705.74813,11040.08823,10172.02399
198,10091,10091,9681.722256,9958.085165,9524.346058,10214.46422,10159.33489,10135.31807,10647.47646,11349.36863,10420.07487
199,11226,11226,10550.50909,10851.67135,10379.01078,11234.45212,11173.81773,11044.8082,10807.96238,12439.84056,11420.02998
200,13078,13078,12310.99581,12662.41083,12110.88082,13192.75112,13121.54743,12887.77502,11195.80335,14076.48852,13338.54851
201,14343,14343,13430.87158,13814.25324,13212.55304,14349.8394,14272.39069,14060.11779,11628.54217,14936.64526,14545.85865
202,14779,14779,13886.26863,14282.64951,13660.54762,14671.68497,14592.4992,14536.85053,12288.63603,14947.926,14929.56236
203,14985,14985,14179.36485,14584.11211,13948.87956,14897.26856,14816.86528,14843.67852,12900.01096,14856.73999,15129.1658
204,15138,15138,14415.17842,14826.65693,14180.85999,15071.31798,14989.97532,15090.54013,13227.66971,14774.01453,15301.63868
205,15137,15137,14478.18933,14891.46647,14242.84666,15109.23936,15027.69203,15156.50315,13306.00212,14593.52263,15323.9245
206,15033,15033,14395.12949,14806.03571,14161.13695,15007.14333,14926.14704,15069.5519,13211.43006,14373.54812,15213.46434
207,14918,14918,14400.85776,14811.92748,14166.77211,14924.49417,14843.94395,15075.54854,12944.9088,14250.39999,15143.70003
208,14687,14687,14265.28882,14672.48876,14033.40684,14694.04886,14614.74239,14933.6281,12632.53443,13988.12269,14951.84818
209,14515,14515,14097.25972,14499.6633,13868.10905,14601.67626,14522.86835,14757.72671,12437.65867,13856.51401,14807.47481
210,14519,14519,14010.38104,14410.30468,13782.64258,14718.35744,14638.91977,14666.7777,12501.66198,14058.62734,14779.3753
211,14700,14700,13848.0802,14243.371,13622.97994,14998.39225,14917.44318,14496.87295,12857.02366,14849.21949,14821.0401
212,14828,14828,13604.62895,13992.97048,13383.48598,15272.593,15190.16402,14242.01582,13495.14624,15887.04795,14966.38241
213,15444,15444,14187.95725,14592.94977,13957.33229,15782.10078,15696.9219,14852.67348,14603.26329,15643.57189,15334.58293
214,15463,15463,13922.54764,14319.9641,13696.23692,15485.53614,15401.95787,14574.82924,14385.46098,15023.13097,14915.99707
215,14413,14413,13090.99453,13464.67447,12878.20068,14482.07806,14403.91564,13704.31726,13508.52007,13995.64319,14136.96228
216,12914,12914,12006.44306,12349.16468,11811.27857,13062.45714,12991.95667,12568.95375,12386.07391,12620.33247,13037.20545
217,11209,11209,10669.84794,11602.87292,10740.5997,11248.06493,11187.35706,11809.37957,11308.5256,11825.98007,11208.79915
218,10360,10360,9918.490535,10750.52918,10024.93539,10447.82656,10391.43773,10941.86591,10414.38977,11137.85468,10411.35433
219,9874,9874,9504.146047,10288.02468,9652.07617,10033.6084,9979.455182,10471.12981,9888.03417,10930.10098,9998.582162
220,9621,9621,9329.43397,10061.19126,9503.683834,9840.112125,9787.003241,10240.25924,9591.89944,10723.28734,9805.761361
221,9579,9579,9338.981078,10017.00294,9539.37313,9842.056812,9788.937431,10195.28445,9491.595741,10535.27493,9807.699258
222,9853,9853,9682.676967,10315.51964,9875.603865,10186.26627,10131.28913,10499.11412,9687.426772,10477.93115,10150.70712
223,10736,10736,10752.90778,11345.59866,10973.51931,11295.70974,11234.74473,11547.52637,10556.7255,10635.86157,11256.27764
224,12100,12100,12732.97798,13323.27182,12880.07907,13175.24894,13104.13971,13560.39794,12318.2495,11017.52675,13129.25558
225,13371,13371,13899.63459,14491.8076,14029.65007,14270.10727,14193.08889,14749.73119,13438.78511,11443.37484,14220.29187
226,13968,13968,14296.79428,14816.8373,14365.88081,14498.6079,14420.35626,15080.54573,13894.45049,12092.95768,14447.99483
227,14344,14344,14463.86867,15044.65268,14520.84749,14605.56564,14526.73673,15312.41575,14187.7194,12694.59737,14554.57919
228,14619,14619,14549.79264,15220.42403,14606.31396,14678.49137,14599.26887,15491.31545,14423.67191,13017.03864,14627.25035
229,14746,14746,14472.46107,15258.72058,14500.18527,14629.87421,14550.91411,15530.2936,14486.71995,13094.12372,14578.80291
230,14713,14713,14334.98271,15155.61448,14280.41434,14471.38229,14393.27759,15425.35243,14403.61117,13001.05758,14420.86426
231,14721,14721,14239.51163,15072.14764,14127.32604,14376.09267,14298.50226,15340.40006,14409.34281,12738.78028,14325.90728
232,14609,14609,14006.5622,14839.42244,13872.80501,14121.33877,14045.12333,15103.53285,14273.694,12431.38001,14072.04271
233,14477,14477,13911.09111,14746.13597,13665.24358,13920.06375,13844.93462,15008.58608,14105.56589,12239.60736,13871.47032
234,14451,14451,14020.88286,14863.97152,13650.21651,13887.00409,13812.05339,15128.51884,14018.63602,12302.59151,13838.52606
235,14397,14397,14382.71825,15146.77681,13851.2036,13973.54262,13898.12486,15416.35748,13856.23956,12652.29458,13924.7625
236,14228,14228,14779.87795,15423.69033,14007.10947,14055.21944,13979.36085,15698.19947,13612.64486,13280.256,14006.1542
237,14512,14512,15720.26809,15938.23886,14776.30771,14741.69367,14662.13005,16221.90588,14196.31686,14370.72793,14690.23202
238,14840,14840,15606.6575,15638.7402,14835.47681,14897.26856,14816.86528,15917.07677,13930.75087,14156.39379,14845.26382
239,13944,13944,14664.35794,14625.35455,13945.1228,14112.58769,14036.41947,14885.65499,13098.70781,13293.41687,14063.32217
240,12576,12576,13290.52909,13191.6888,12605.83501,12819.37137,12750.18288,13426.47302,12013.51731,12188.84401,12774.62033
241,11737,11737,11044.09457,11359.34614,10527.40311,10617.01426,11130.29845,11561.51853,11287.50959,11441.49471,10579.95141
242,10754,10754,10258.36758,10551.19072,9730.029105,9930.540033,10269.58374,10738.97965,10458.33234,10598.25909,9895.873595
243,10226,10226,9851.660779,10132.87455,9273.581794,9585.358234,9747.352338,10313.21833,10008.39861,10123.52777,9551.896788
244,9958,9958,9661.673329,9937.463945,9035.966218,9459.925975,9461.092165,10114.32983,9787.730471,9925.174691,9426.902399
245,9865,9865,9663.582751,9939.427871,8996.520155,9470.621749,9355.67879,10116.32871,9744.743171,9868.77097,9437.560835
246,10126,10126,10001.55038,10287.04272,9253.858762,9811.914176,9400.165168,10470.13037,10035.14626,10109.42684,9777.661847
247,10852,10852,11090.8754,11407.46232,10083.1653,10915.52359,9688.359532,11610.49107,11037.22798,11079.57084,10877.41868
248,12596,12596,12936.33138,13305.59649,11364.22318,12716.303,10153.53231,13542.40803,12961.14845,12940.89362,12671.91177
249,14059,14059,14011.33575,14411.28665,12557.93621,13946.31702,11004.57607,14667.77714,14097.92371,14112.21088,13897.63194
250,14654,14654,14235.69279,14642.04791,13118.63384,14370.25861,11988.11187,14902.64547,14414.11918,14484.47543,14320.09359
251,15005,15005,14340.71098,14750.06383,13471.77003,14570.56128,12603.18441,15012.58383,14635.74259,14678.12821,14519.69703
252,15348,15348,14412.31429,14823.71104,13730.04783,14719.32978,12808.20859,15087.54181,14806.73651,14845.45925,14667.94619
253,15520,15520,14364.57875,14774.6129,13849.32521,14718.35744,12926.1942,15037.56983,14843.99217,14867.08067,14666.97725
254,15549,15549,14208.96089,14614.55295,13818.33188,14617.23375,12818.84664,14874.66116,14743.68847,14759.9136,14566.20657
255,15595,15595,14115.39923,14518.3206,13825.84541,14505.4143,12356.57514,14776.71606,14662.49024,14692.22914,14454.77747
256,15473,15473,13865.265,14261.04633,13720.65591,14280.80304,11886.56688,14514.86286,14436.09046,14506.09686,14230.95031
257,15376,15376,13667.63986,14057.78002,13596.68256,14113.56003,11633.18794,14307.97884,14345.3395,14366.02762,14064.29112
258,15375,15375,13635.17969,14024.39329,13572.26357,14117.4494,11569.35966,14273.99789,14459.9723,14338.76582,14068.16692
259,15328,15328,13720.14895,14111.78798,13521.5472,14293.4435,11693.14784,14362.94803,14735.09101,14379.18849,14243.54664
260,15058,15058,13800.34466,14194.27286,13362.82376,14417.90342,12015.19054,14446.90096,15004.47809,14520.19779,14367.57208
261,14943,14943,14474.37049,14887.53862,13629.55428,15016.86677,12940.70063,15152.50539,15505.04131,14877.42135,14964.44451
262,15224,15224,14627.12422,15044.65268,13937.60926,15035.34128,13403.93922,15312.41575,15213.68295,14471.31457,14982.85454
263,14687,14687,13856.6726,14252.20867,13096.09323,14014.38103,12687.32169,14505.8679,14227.84088,13715.50471,13965.45835
264,13180,13180,12586.90723,12946.19809,11811.27857,12556.83873,11585.80028,13176.61309,12833.14183,12648.53433,12513.00417
265,12237,12237,10424.48726,10722.05225,10701.15363,10898.99376,10840.16989,11502.55158,11050.6018,10750.54913,10860.94655
266,11239,11239,9750.461434,10028.78649,9885.934977,10073.47447,10019.10608,10613.05025,10264.41186,10034.22188,10038.30906
267,10638,10638,9411.539099,9680.189681,9483.960802,9600.915724,9549.097826,10073.3528,9857.465424,9661.017266,9567.399968
268,10320,10320,9288.381405,9553.516474,9268.885834,9354.912921,9304.422745,9777.518651,9667.366032,9512.487469,9322.255934
269,10206,10206,9298.883224,9564.318066,9227.561386,9314.074511,9263.804748,9668.579723,9669.276579,9548.209825,9281.560087
270,10443,10443,9633.986716,9908.987023,9504.623026,9580.496519,9528.788827,9714.55395,10007.44334,9884.752024,9547.052044
271,11098,11098,10717.58348,11023.51485,10452.26775,10439.07547,10382.73387,10012.38698,11097.4102,10983.68451,10402.63379
272,12714,12714,12485.70789,12842.11003,12009.44809,11765.35145,11701.8517,10493.11748,12943.95353,12892.01039,11724.27989
273,14337,14337,13693.41705,14084.29302,13176.86374,13001.19953,12931.02968,11372.62442,14019.59129,14042.64629,12955.81375
274,15269,15269,14109.67096,14512.42882,13573.20276,13581.68836,13508.3855,12389.0546,14244.08052,14379.18849,13534.27616
275,15853,15853,14306.34139,14714.71316,13785.46016,13947.28936,13872.01329,13024.69826,14349.16059,14534.29872,13898.60089
276,16337,16337,14452.41214,14864.95348,13945.1228,14214.68371,14137.96446,13236.57948,14420.80609,14619.84436,14165.06179
277,16670,16670,14451.45743,14863.97152,13937.60926,14338.17128,14260.78555,13358.51112,14373.04242,14513.61736,14288.11828
278,16832,16832,14352.16751,14761.84738,13838.9941,14306.08396,14228.87141,13247.57331,14217.33287,14293.64285,14256.14297
279,17041,17041,14242.37576,14648.92165,13796.73046,14313.86271,14236.60817,12769.84113,14123.71609,14140.41274,14263.89456
280,17072,17072,14021.83757,14422.08824,13638.00701,14204.96028,14128.29351,12284.11344,13873.43447,13885.65593,14155.3723
281,16997,16997,13857.62731,14253.19063,13484.91872,14076.61099,14000.63695,12022.26023,13675.6929,13677.90223,14027.47107
282,16998,16998,13861.44615,14257.11848,13501.82417,14051.33007,13975.49247,11956.29721,13643.2136,13662.86124,14002.2784
283,16951,16951,14034.24881,14434.85375,13587.29064,13998.82354,13923.26933,12084.22549,13728.23293,13864.03451,13949.95517
284,16683,16683,14156.45179,14560.545,13601.37852,13834.49756,13759.83025,12417.03892,13808.47589,14020.0848,13786.20283
285,16483,16483,14744.55365,15165.43411,13994.89997,14110.643,14034.48528,13373.50272,14482.89886,14789.99559,14061.38428
286,16712,16712,14762.69315,15184.0914,14353.67131,14429.57154,14351.6925,13852.23434,14635.74259,14849.21949,14379.19947
287,16371,16371,13760.24681,14153.03042,13456.74296,13558.35212,13485.17522,13111.64951,13864.83701,13958.04071,13511.02138
288,14908,14908,12329.13531,12681.06812,12077.06991,12228.18677,12162.18901,11973.28769,12594.32349,12617.51228,12185.49949
289,15617,15617,10701.35339,11006.82148,10684.24818,11061.37505,11019.0825,11202.71967,10430.62942,10264.53708,11022.76099
290,14246,14246,9890.803922,10173.13503,9844.610529,10192.10033,10179.64388,10354.19536,9756.206451,9600.853298,10156.52081
291,13360,13360,9426.814472,9695.901086,9381.588874,9712.73518,9765.727147,9868.467664,9417.084422,9267.131284,9678.829074
292,12784,12784,9185.272639,9447.464488,9137.398954,9459.925975,9544.26235,9615.609419,9293.854163,9145.863285,9426.902399
293,12481,12481,9145.174785,9406.222048,9070.716322,9390.889615,9501.710162,9573.632951,9304.362169,9156.203967,9358.107038
294,12540,12540,9406.765545,9675.279867,9343.082002,9672.869113,9787.003241,9847.479431,9639.663106,9486.165733,9639.102176
295,13048,13048,10249.77518,10542.35305,10175.20611,10534.3651,10762.80228,10729.98469,10723.89833,10553.13611,10497.59077
296,14601,14601,11552.00072,11881.75037,11807.52181,12224.2974,12366.24609,12093.22045,12493.06452,12294.13095,12181.6237
297,16446,16446,12765.43815,13129.82514,13199.40435,13665.30986,13568.3454,13363.50832,13701.48528,13483.30939,13617.60575
298,17876,17876,13335.4005,13716.05695,13818.33188,14306.08396,13976.45957,13960.17382,14117.98445,13893.17643,14256.14297
299,19077,19077,13694.37176,14085.27498,14249.421,14752.38944,14195.02308,14335.96315,14314.77075,14086.8292,14700.89045
300,20249,20249,13956.91723,14355.31476,14629.79376,15146.1884,14359.42926,14610.80907,14460.92757,14230.65869,15093.3147
301,21149,21149,14078.16551,14480.02404,14855.19984,15379.55074,14351.6925,14737.73792,14459.9723,14229.71863,15325.8624
302,21644,21644,14046.66005,14447.61927,14911.55136,15437.89133,14250.14751,14704.75641,14360.62387,14131.95218,15383.99932
303,22173,22173,14054.29774,14455.47497,14926.57843,15453.44882,14206.62822,14712.75192,14250.76744,14023.84505,15399.5025
304,22539,22539,13947.37013,14345.49514,14796.96994,15319.26547,14043.18914,14600.81468,14030.0993,13806.69073,15265.78757
305,22768,22768,13821.3483,14215.87604,14652.33437,15169.52463,13885.55262,14468.88863,13865.79229,13645.00006,15116.56947
306,22929,22929,13796.52582,14190.34501,14636.36811,15152.9948,13902.96034,14442.9032,13869.61338,13648.76031,15100.09734
307,22733,22733,13744.97144,14137.31901,14680.51013,15198.69492,13990.966,14388.93346,14042.51785,13818.91153,15145.63793
308,22093,22093,13583.62531,13971.36729,14570.62467,15084.93078,14005.47242,14220.02815,14164.79284,13939.23947,15032.27092
309,21097,21097,13854.76318,14250.24474,14575.32063,15089.7925,14410.68531,14503.86902,14753.24121,14518.31767,15037.11567
310,20633,20633,14167.90832,14572.32855,14679.57094,15197.72258,14780.11567,14831.68525,14771.3914,14536.17884,15144.66898
311,19899,19899,13312.48744,13692.48985,13740.37894,14225.37949,13856.53977,13936.18727,13768.35441,13549.11374,14175.72023
312,18049,18049,12006.44306,12349.16468,12314.68549,12749.36267,12435.87694,12568.95375,12336.3997,12139.96078,12704.85602
313,17908,17908,11854.64404,11722.67239,10667.34272,11607.83187,12008.42087,11248.6939,10707.65868,10204.37311,11005.31991
314,16409,16409,10945.75936,10753.47507,9816.434769,10648.12924,11087.74626,10354.19536,9896.63163,9440.102694,10127.45235
315,15441,15441,10350.97453,10245.80028,9361.865842,10145.42786,10485.24596,9867.468225,9432.368795,8969.131628,9658.481151
316,14813,14813,10005.36922,9992.453864,9111.101578,9894.563339,10135.15751,9610.61222,9190.684644,8702.154017,9399.771834
317,14438,14438,9828.74772,9893.275617,9053.810866,9796.356686,9956.244898,9539.652001,9150.563164,8587.466452,9340.66596
318,14473,14473,9851.660779,10159.38755,9301.757554,10059.86166,9979.455182,9821.493998,9412.308055,8606.267692,9596.468431
319,15060,15060,9954.769546,10969.50689,10047.476,10862.04472,10083.90146,10750.97293,10255.8144,8808.381024,10365.81374
320,16693,16693,10401.5742,12745.87767,11678.8525,12621.01338,10536.50201,12538.97056,11558.80721,9078.178821,12048.87772
321,18825,18825,11280.86285,14263.99222,13138.35687,14124.2558,11427.19667,13981.16206,12772.95961,9769.124397,13554.62408
322,20523,20523,12497.16442,14963.14976,13828.66299,14816.56409,12659.27593,14510.8651,13343.25778,10712.94665,14266.80141
323,22027,22027,13595.08184,15442.34763,14302.95495,15291.06752,13771.43539,14813.69533,13702.44055,11422.69347,14756.12053
324,23329,23329,14388.44652,15866.55558,14699.29397,15711.11974,14575.09149,15082.54461,13965.14071,11812.8192,15165.0169
325,24247,24247,14983.23135,16140.52321,14913.42975,15982.40346,15177.59178,15169.49587,14086.46043,12019.63285,15385.93722
326,24873,24873,15412.85121,16268.17838,15001.71379,16108.80806,15612.78462,15070.55134,14054.93641,12067.57601,15477.0184
327,25429,25429,15578.01618,16450.82347,15079.66673,16289.66388,15780.09208,15088.54125,14062.57859,11969.80956,15557.44115
328,25782,25782,15686.85321,16422.34654,14989.5043,16261.46593,15890.34093,14941.62362,13955.58798,11891.78441,15464.42207
329,26025,26025,15809.05619,16319.24044,14863.65257,16159.3699,16014.12912,14861.66844,13829.4919,11920.92634,15334.58293
330,26169,26169,16028.63968,16360.48288,14892.76752,16200.20831,16236.56101,15019.57991,13804.6548,12113.63905,15364.62035
331,25955,25955,16198.5782,16335.93381,14933.15278,16175.89974,16408.70395,15268.4404,13753.07004,12405.05827,15406.28514
332,25360,25360,16010.50017,16090.4431,14836.416,15932.81396,16218.1862,15260.44488,13591.62884,12521.62596,15306.48342
333,24557,24557,15808.10148,15886.19483,14778.1861,15730.5666,16013.16202,15347.39614,13862.92647,12980.37622,15246.4086
334,24115,24115,16021.00199,16158.19854,14832.65923,15999.90563,16228.82425,15299.42303,14176.25612,13169.32868,15302.60763
335,23228,23228,15295.42178,15480.64418,13925.39976,15328.9889,15493.83191,14261.00518,13320.33122,12415.39895,14366.60313
336,21238,21238,13742.1073,13897.72008,12444.29398,13761.57183,13920.36805,12782.83385,12013.51731,11370.05,12838.57095
337,17331,17331,11682.7961,12447.36097,11492.89249,11692.42572,12125.43939,12230.14369,11404.05293,10572.87741,11961.67233
338,15816,15816,10729.99472,11417.28195,10555.57887,10675.35484,11151.57454,11232.70286,10461.19816,9787.925637,10934.58666
339,14824,14824,10156.21353,10771.1504,9991.124481,10126.95334,10560.67939,10632.0396,9967.321856,9269.011408,10290.23574
340,14206,14206,9852.61549,10399.96844,9692.461425,9823.582293,10227.03155,10314.21777,9720.861338,8953.150573,9907.50098
341,13880,13880,9743.778458,10212.41354,9585.393538,9693.288318,10114.84851,10200.28165,9624.378733,8779.239102,9674.953279
342,13927,13927,9970.044919,10243.83635,9807.982041,9906.231456,10311.16883,10437.14886,9883.257803,8767.018296,9586.778943
343,14572,14572,10595.38049,10396.04059,10423.1528,10560.61836,10918.5046,11091.78187,10671.3583,8920.248403,9483.101427
344,15895,15895,12138.19315,10980.30848,11940.88707,12225.26974,12293.71395,12706.87643,12399.44774,9137.402727,9919.128365
345,17670,17670,13687.68879,12091.89042,13465.19568,13708.09296,13798.51406,14328.96708,13876.30029,9798.26632,10914.23873
346,19275,19275,14577.47926,13384.15351,14340.52263,14464.57589,14768.51052,15260.44488,14556.4549,10722.34727,12140.92785
347,20736,20736,15135.03036,14461.36675,14889.01075,15060.6222,15458.04939,15844.11767,15022.62828,11512.93942,13187.3925
348,22124,22124,15597.11039,15226.3158,15343.57968,15616.80246,16044.10907,16327.84649,15435.30636,12010.23223,13889.88035
349,23160,23160,15915.02909,15724.17096,15656.33062,15936.70333,16412.57233,16660.65991,15701.82762,12337.37381,14362.72734
350,23859,23859,16069.69224,16006.97626,15808.47972,16073.80371,16581.81399,16822.56914,15826.01315,12501.88466,14640.81563
351,24465,24465,16269.2268,16097.31684,16004.77085,16272.1617,16841.96259,17031.45204,16003.69399,12484.96354,14718.33153
352,24876,24876,16298.82283,16135.61339,16033.8858,16282.85748,16924.16568,17062.43467,15975.99106,12445.48094,14754.18263
353,25033,25033,16227.21952,16137.57732,15963.4464,16159.3699,16909.65926,16987.4767,15875.68736,12497.18435,14857.86015
354,25007,25007,16228.17423,16238.71949,15964.38559,16050.46748,16879.67931,16988.47614,15915.80884,12761.34177,15052.61885
355,24683,24683,16183.30283,16232.82771,15920.24357,15759.73689,16753.95693,16941.50247,15891.92701,13079.08273,15187.30272
356,23873,23873,15927.44033,16030.54337,15668.54011,15295.92923,16397.09881,16673.65263,15653.10868,13319.73861,15083.62521
357,23055,23055,15736.49817,15760.50359,15480.70171,15010.06036,16053.78002,16473.76469,15454.41183,13497.41032,14876.27018
358,22857,22857,15955.12694,15922.52746,15695.77668,15152.02246,16022.83297,16702.63638,15719.02254,13297.17712,15003.20246
359,21979,21979,15629.57056,15451.18529,15375.51221,14703.77229,15642.76457,16361.82744,15059.88394,12395.65765,14647.59827
360,20209,20209,14232.82866,14191.32697,14001.47432,13470.84124,14244.34493,14899.64715,13519.98335,11307.06584,13265.87735
361,18350,18350,15621.93287,12016.27928,14667.36144,15641.11103,16132.11473,13084.66464,11861.62886,10694.14541,11857.02587
362,16750,16750,14293.93015,11036.28036,13379.72921,14306.08396,14783.01695,12026.25799,10952.20865,9853.729978,10890.01501
363,15706,15706,13445.19224,10446.1207,12547.6051,13370.6899,13822.69144,11333.64627,10357.07337,9390.279408,10307.67681
364,14975,14975,12881.91287,10133.85651,12006.63051,12720.19237,13183.44152,10900.88888,10011.26443,9145.863285,9999.551111
365,14480,14480,12519.12276,10021.91275,11722.05533,12299.16781,12749.21578,10662.02279,9834.538864,9079.118883,9889.090953
366,14288,14288,12384.50854,10254.63794,11777.46766,12062.88844,12507.44199,10617.048,9857.465424,9351.736865,10118.73181
367,14359,14359,12436.06292,10897.8236,12254.5772,11856.75171,12320.79262,10702.99982,9960.634942,10184.63181,10753.39324
368,14819,14819,12906.73535,12484.67555,13713.14237,12303.05719,12694.09136,11232.70286,10407.70286,11818.45958,12319.21442
369,16161,16161,13802.25408,14078.40124,15445.95161,13554.46275,13896.19067,12370.06525,11287.50959,13211.63147,13891.81824
370,17879,17879,14997.55201,14993.59061,16788.99617,15200.63961,15519.94348,13703.31782,12504.5278,13831.13234,14794.87848
371,19553,19553,16080.19406,15567.05691,17916.96576,16793.3376,17124.35439,14717.74912,13603.09212,14262.6208,15360.74455
372,20978,20978,17026.31247,16042.32692,19017.69878,18070.02408,18529.54369,15356.39109,14396.92426,14643.34591,15829.71575
373,22048,22048,17720.38722,16369.32055,19862.97158,19083.20559,19661.04505,15748.17146,14992.05954,14868.9608,16152.37568
374,22715,22715,18155.73535,16528.39853,20327.87162,19789.12668,20320.60396,15949.05884,15421.93253,14925.36452,16309.34538
375,23076,23076,18349.54164,16733.62876,20824.70418,20252.93433,20446.32634,16052.00113,15587.19482,14940.40551,16511.85567
376,23292,23292,18476.51818,16764.06961,21168.44846,20452.26467,20475.33919,16149.94622,15696.09598,14810.67695,16541.89308
377,23314,23314,18524.25372,16690.4224,21383.52342,20155.70002,20498.54948,16287.8689,15818.37096,14665.9074,16469.22192
378,23128,23128,18392.50363,16691.40436,21534.73334,19808.57354,20520.79266,16497.75124,16038.08383,14649.92635,16470.19087
379,22693,22693,17833.99781,16645.25211,21350.6517,19714.25626,20509.18752,16588.70025,16208.12248,14694.10926,16424.65028
380,21926,21926,16973.80337,16382.08607,20749.56882,19554.79199,20176.50678,16375.81959,16019.93363,14584.12201,16164.97201
381,21169,21169,16217.67242,16185.6935,19814.13359,19093.90136,19880.57565,15865.1059,15817.41569,14588.82232,15971.18226
382,21051,21051,15823.37685,16410.56299,19378.34851,18806.08781,19938.60137,15813.13504,16030.44164,14693.1692,16193.07153
383,20272,20272,15458.67733,16075.71366,18688.98158,18304.35877,19215.21417,15480.32162,15304.43391,13753.10719,15862.66
384,18845,18845,14335.93742,14639.10202,16951.47638,16741.80342,17722.9863,14355.95195,13750.20422,12326.09306,14445.08798
385,17061,17061,14881.07729,13889.86438,13698.1153,16589.14555,16499.6109,13967.1699,11960.97728,12075.09651,13234.87099
386,15785,15785,13637.08911,12786.13815,12489.3752,15348.43576,15265.59745,12931.75037,10911.1319,11071.11028,12174.84106
387,14978,14978,12772.12113,12122.33126,11757.74463,14563.75488,14485.15163,12258.128,10262.50131,10507.07307,11418.09208
388,14518,14518,12205.02291,11738.38379,11291.9054,14116.47706,14040.28785,11807.3807,9910.96073,10194.03243,10932.64876
389,14290,14290,11863.23644,11596.98115,11085.28316,13894.78283,13819.79015,11565.51629,9791.551564,10079.34486,10644.87098
390,14467,14467,11774.44834,11804.1753,11207.37812,14066.88756,13990.966,11498.55383,9954.903303,10287.09856,10519.87659
391,15199,15199,11888.05892,12470.92807,11854.48141,14778.64271,14698.87967,11583.5062,10522.33566,11113.41307,10366.78269
392,16519,16519,12331.99945,13977.25907,13073.55262,16062.13559,15975.44531,11786.39246,12082.29699,12863.80853,10827.03334
393,18333,18333,13415.59621,15645.61394,14595.04366,17825.96597,17729.75597,12539.97,13608.82376,14443.11271,11867.6843
394,19770,19770,14803.74572,16592.22611,15679.81042,19223.223,19119.47175,13633.35704,14539.25998,15372.83403,13137.97612
395,20800,20800,16061.09984,17107.75661,16460.27897,20224.73638,20115.57978,14617.80515,15157.32182,16147.44513,14261.95667
396,21402,21402,16962.34684,17475.01071,17118.65256,20810.08693,20697.77108,15304.42023,15606.30028,16906.07517,15071.99782
397,21864,21864,17436.83811,17555.53166,17533.77542,21259.30944,21144.56906,15811.13616,15831.74479,17535.91672,15620.42282
398,22141,22141,17631.59912,17496.61389,17790.17484,21528.64848,21412.45442,16105.97087,15911.03247,17986.20642,15985.7165
399,22413,22413,17639.2368,17453.40753,18053.1486,21793.1258,21675.50431,16138.95238,16028.53109,18386.67283,16215.35735
400,22516,22516,17503.66787,17383.68816,18046.57425,21893.27714,21775.11512,16084.98264,16023.75473,18576.56536,16470.19087
401,22558,22558,17087.41396,17351.28339,17859.67505,21934.11555,21815.73311,16007.02634,15986.49907,18739.19609,16733.74493
402,22468,22468,16734.17096,17235.41177,17693.43806,21846.60467,21728.69455,16166.9367,15933.00376,18863.28427,16974.04422
403,22078,22078,16574.73426,17131.32371,17506.53885,21467.39086,21351.52743,16383.81511,15708.51453,18721.33491,16976.95107
404,21232,21232,16309.32465,16771.92531,17188.15277,20644.7886,20533.3649,16290.86722,15217.50404,18213.70142,16803.50924
405,20336,20336,16082.10348,16357.537,16947.71961,19773.56919,19666.84762,16055.99889,14755.15175,17833.91637,16514.76251
406,20095,20095,16085.92232,16287.81763,17040.69962,19539.2345,19433.77768,16234.8986,14692.10371,17597.96081,16628.12952
407,18973,18973,15503.54873,15742.82826,16280.8933,18448.26555,18348.69689,15743.17426,14419.85082,16338.27772,16389.76812
408,17021,17021,14490.60057,14226.67763,14872.1053,16550.25183,16460.92709,14561.83653,13188.5035,14608.56362,15113.66262
409,15349,15349,17518.94324,13722.93069,17234.17317,16890.57191,15303.31416,15182.48859,11689.67966,11503.5388,15132.07265
410,14020,14020,15991.40596,12705.61719,15731.46598,15562.35124,13980.32795,13806.26011,10736.31688,10565.35692,13803.64391
411,13176,13176,14994.68788,12043.77424,14750.94953,14744.6107,13121.54743,12959.73468,10162.19761,10000.37965,12945.15531
412,12632,12632,14296.79428,11600.909,14064.40018,14218.57308,12573.20446,12424.03499,9858.420697,9701.439933,12387.04083
413,12363,12363,13824.21243,11363.27399,13599.50014,13978.40434,12290.81267,12167.17899,9749.519538,9594.272864,12093.44936
414,12486,12486,13640.90796,11297.48248,13419.17528,14107.72597,12374.94995,12271.12072,9975.919316,9817.06756,12150.61734
415,13176,13176,13708.69242,11380.94932,13485.85791,14855.45781,13057.71915,12872.78342,10601.62334,10432.80818,12642.8433
416,14475,14475,14147.85939,11580.28778,13917.88623,16162.28693,14246.27912,14110.08978,12145.34503,11951.94838,14147.62071
417,16216,16216,15429.08129,12320.68776,15178.28189,17850.27455,15884.53836,15780.15353,13695.75364,13477.66902,15935.33116
418,17705,17705,17069.27445,13394.95511,16791.81374,19237.80814,17178.51172,16994.47277,14586.06837,14353.80682,17320.92787
419,18961,18961,18667.46034,14362.1885,18364.02115,20366.69848,18296.47375,17985.91696,15143.94799,14902.80303,18484.63532
420,20174,20174,20027.92323,15036.79698,19702.36975,21267.08818,19192.97098,18885.4127,15606.30028,15357.79304,19620.24326
421,21080,21080,21049.46379,15534.65214,20707.30518,21857.30044,19813.84609,19562.03338,15924.4063,15670.83369,20492.29714
422,21714,21714,21686.2559,15824.33117,21333.74625,22005.09659,20171.6713,20040.765,16079.16058,15823.12374,20971.92677
423,22297,22297,22030.9065,15856.73595,21672.79456,21868.96856,20426.98443,20542.48373,16278.8127,16019.59669,21484.50066
424,22616,22616,22237.12403,15803.70995,21875.66003,21394.46513,20489.84562,20833.32069,16308.42618,16048.73862,21839.1359
425,22770,22770,22258.12767,15727.11685,21896.32226,20782.86132,20421.18186,21003.22544,16236.78068,15978.23397,22061.02516
426,22694,22694,22080.55146,15884.23091,21721.63254,20406.56454,20386.36643,21063.19182,16237.73595,15979.17403,22217.02591
427,22359,22359,21665.25226,16097.31684,21313.08402,19973.87187,20168.77002,20835.31957,16192.8381,15934.99111,22027.11196
428,21749,21749,20932.98907,16005.9943,20592.72376,19427.41505,19667.81471,20224.66191,15936.82485,15683.0545,21406.98476
429,21217,21217,20210.27299,15775.23303,19881.75542,19041.39484,19344.80492,19610.00649,15745.77019,15495.04209,20441.9118
430,21288,21288,20097.61712,15951.00438,19770.93076,19051.11827,19489.8692,19690.9611,15964.52778,15710.31629,19992.31958
431,20256,20256,19353.8974,15467.87866,19039.3002,18336.44609,18462.81412,18780.47153,15638.77958,15389.75515,19281.1112
432,18409,18409,17991.52509,14307.19858,17699.07321,17045.17446,16801.3446,17049.44196,14241.2147,14014.44443,17488.55601
433,17371,17371,14503.01181,17057.6765,16023.55469,14665.85091,15166.95374,15340.40006,14918.50349,14680.94839,17780.20958
434,16005,16005,13188.37504,15716.31526,14825.1457,13394.02614,13865.24362,14012.14469,13608.82376,13392.12338,16229.89158
435,15164,15164,12379.73499,14890.48451,14067.21775,12618.09635,13058.68624,13168.61758,12762.4516,12559.22844,15218.30908
436,14623,14623,11868.01,14359.24262,13635.18944,12089.14171,12564.5006,12624.92238,12212.21417,12017.75272,14510.00755
437,14376,14376,11622.64932,14116.69779,13421.05366,11780.90894,12336.26614,12356.07309,11922.76635,11732.91393,14030.37792
438,14509,14509,11721.93924,14247.29885,13587.29064,11734.23648,12437.81113,12479.00418,11979.12747,11788.37759,13844.33976
439,15278,15278,12296.67515,15002.42828,14274.77919,11980.23928,13186.34281,13168.61758,12464.40632,12265.92909,13913.13512
440,16622,16622,13478.60712,16322.18633,15514.51262,12418.76601,14441.63235,14466.88976,13947.94579,13725.84539,14358.85154
441,18358,18358,15073.92887,18026.87382,17218.20691,13397.91551,15833.28232,16206.91428,15710.42508,15460.2598,15659.18077
442,19785,19785,16233.9025,19428.1348,18567.82581,14711.55103,16971.55335,17695.08001,17076.46593,16804.54847,17323.83472
443,20946,20946,17180.97562,20568.19366,19535.19357,15885.16915,18014.08195,18950.37628,18223.74919,17933.56295,18945.85493
444,21872,21872,18040.21534,21477.49125,20100.58715,16778.75245,18991.81518,20162.69664,19343.32952,19035.31562,20326.6069
445,22479,22479,18686.55455,22073.54269,20534.49386,17328.1263,19680.38695,21068.18902,20203.07552,19881.37143,21363.38206
446,22631,22631,19143.86103,22222.80104,20794.65004,17690.81028,20110.74431,21701.83379,20675.93581,20346.70212,22009.67088
447,22491,22491,19623.12585,22085.32624,21050.11026,17891.11296,20524.66105,22284.50714,21181.2754,20843.99492,22359.46138
448,22003,22003,19900.94669,21606.12838,21146.84704,17988.34726,20728.71813,22603.32841,21530.90543,21188.05762,22568.75431
449,21374,21374,20063.24753,20988.47375,21186.2931,17973.76212,20818.65798,22757.24212,21749.66303,21403.33182,22590.07118
450,20987,20987,20120.53018,20608.45413,21101.76582,17892.0853,20857.34179,22681.2847,21903.46203,21554.6818,22409.84671
451,20542,20542,19902.85612,20171.48067,20735.48094,17631.49735,20646.51504,22346.4724,21716.22846,21370.42965,21988.35401
452,19980,19980,19319.52782,19619.61755,19940.92451,17085.04053,19959.87746,21736.81418,21104.85353,20768.78996,21245.17032
453,19583,19583,18732.38067,19229.7783,19099.40848,16840.01007,19352.54169,21205.11226,20153.4013,19832.4882,20511.67611
454,19593,19593,18809.71225,19239.59793,18873.06321,16801.11635,19305.15402,21276.07248,19710.15448,19396.29943,20397.34016
455,18858,18858,17939.9707,18517.85524,17819.28979,15960.03957,18198.79713,20244.6507,19008.98386,18706.29392,19642.52908
456,17530,17530,16286.41159,17213.80859,15985.98701,14736.83195,16475.43352,18398.68556,17241.72821,16967.1792,18259.83921
457,15683,15683,16584.28136,15538.57999,15514.51262,14919.63246,12283.07591,17361.26715,16552.97615,16038.39794,16531.23464
458,14337,14337,15280.14641,14195.25482,14188.37352,13715.8717,11349.82905,15996.03251,15333.09211,14838.87881,15294.85604
459,13503,13503,14477.23462,13323.27182,13391.93871,12896.18647,10760.86809,15155.50371,14487.67522,14080.24877,14512.91439
460,12992,12992,13960.73608,12766.49889,12892.28856,12396.40212,10382.73387,14614.80683,13924.06396,13647.82025,14067.19797
461,12756,12756,13724.92251,12479.76574,12664.06491,12063.86078,10198.98579,14367.94522,13594.49466,13433.48611,13846.27765
462,12861,12861,13851.89905,12565.19651,12775.82876,11909.25823,10220.26188,14500.87071,13464.57749,13599.87708,14017.78158
463,13635,13635,14586.07165,13258.46227,13513.09448,12102.75451,10670.92824,15269.43984,13512.34116,14288.00247,14727.05207
464,14933,14933,15869.20297,14465.2946,14760.34145,12429.46179,11021.98379,16612.68681,13788.41515,15528.88433,16006.06442
465,16372,16372,17526.58093,16128.73965,16396.41391,13380.41334,11717.32522,18347.71414,14801.96015,17234.15681,17763.73745
466,17549,17549,18888.95324,17442.60593,17803.32353,14785.44911,12783.06411,19773.9146,16266.39415,18585.02592,19156.11681
467,18627,18627,19997.37249,18577.75498,19103.16525,16002.82266,13841.06624,20934.2641,17836.86349,19553.28979,20154.13402
468,19638,19638,20881.43469,19488.03453,20352.29061,16862.37396,14648.59072,21859.74527,19145.58795,20119.20712,20737.44117
469,20350,20350,21460.94415,20118.45467,21312.14483,17406.88609,15144.71055,22466.40517,20212.62825,20553.51576,21185.09549
470,20795,20795,21606.06019,20481.78093,21931.07236,17695.67199,15420.33268,22618.32,20987.35491,20813.91294,21453.4943
471,21223,21223,21472.40068,20741.01912,22451.38473,17726.78697,15579.90338,22478.39844,21338.8955,21069.60981,21717.04836
472,21434,21434,21006.5018,20804.8467,22663.64212,17683.03153,15694.02061,21990.67187,21443.02029,21166.43619,21816.85008
473,21527,21527,20405.98871,20735.12734,22692.75707,17533.2907,15792.66432,21362.02429,21446.84138,21205.9188,21857.54593
474,21567,21567,20036.51563,20699.77668,22556.57423,17423.41593,15994.78721,20975.24113,21311.19257,21121.31322,21770.34054
475,21349,21349,19611.66932,20478.83504,22150.84329,17119.07254,16136.95021,20530.49046,20874.63266,20754.68903,21392.45053
476,20639,20639,19075.12185,19970.17829,21391.97615,16546.36245,15994.78721,19968.80534,20428.52002,19959.39657,20572.71988
477,20011,20011,18696.10166,19642.2027,20856.63671,16425.79191,16323.59958,19572.02778,20107.54818,19117.10101,19704.5418
478,19962,19962,18705.64877,19789.49712,20810.6163,16268.27233,16253.96872,19582.02217,20003.42339,18890.54607,19471.02515
479,18818,18818,18003.93633,18746.65259,19759.66046,15420.38915,15136.00669,18847.43399,19184.75415,17835.7965,18383.86465
480,17036,17036,16736.08038,17059.64043,18031.54718,14259.41149,13667.95621,17520.17806,17799.60783,16000.79545,16492.47669
481,15589,15589,14972.72953,13711.14714,14729.34811,15157.85651,12697.95974,11492.55719,14662.49024,16329.81716,15332.64504
482,14345,14345,13687.68879,12558.32277,13465.19568,13948.2617,11672.83885,10610.05193,13392.93199,15045.69245,14007.12315
483,13539,13539,12891.45998,11857.2013,12681.90956,13164.55317,11051.96374,10118.32759,12586.68131,14255.1003,13146.69665
484,13037,13037,12403.60276,11411.39017,12201.98245,12676.43693,10672.86243,9854.475508,12067.01262,13746.52676,12597.30271
485,12757,12757,12178.29101,11180.6289,11980.33313,12404.18087,10474.60792,9785.514169,11810.0441,13514.33144,12314.36968
486,12725,12725,12278.53564,11302.39229,12078.94829,12373.06589,10463.00277,10029.37746,11927.54272,13639.35969,12398.66822
487,13081,13081,13017.4818,12046.72013,12805.8829,12719.22003,10788.91385,11003.83117,12586.68131,14362.26737,13082.74604
488,13675,13675,14256.69643,13189.72487,14024.95411,13296.79183,11308.24396,12836.80359,13827.58136,15625.71071,14273.58405
489,14668,14668,15630.52527,14670.52484,15376.4514,14262.32852,12091.59106,13953.17775,15490.71221,17257.65836,15914.98324
490,16049,16049,16754.21989,15855.75398,16481.88038,15605.13434,13122.51452,14475.88471,16913.11419,18599.12685,17211.43667
491,17239,17239,17783.39813,16865.21178,17494.32936,16762.22262,13822.69144,14826.68805,18112.93748,19690.53884,18331.54142
492,18114,18114,18748.61076,17737.19479,18443.85247,17613.02283,14158.27346,15119.52388,19271.68403,20561.03626,19229.75691
493,18599,18599,19428.36485,18369.57886,19112.55717,18084.60923,14257.88427,15237.45777,20137.16166,21131.6539,19851.82201
494,18849,18849,19853.21115,18753.52633,19530.49761,18327.69501,14256.91717,15255.44768,20742.80494,21274.54333,20210.33305
495,18883,18883,20261.82738,19156.13109,19932.47179,18360.75467,14149.56961,15286.43031,21299.72929,21142.93464,20466.13552
496,18840,18840,20463.27136,19402.60376,20130.6413,18318.94392,14044.15623,15218.46841,21604.46148,20684.18438,20529.11719
497,18790,18790,20552.05946,19467.41331,20217.98615,18270.32676,13990.966,15118.52444,21751.57357,20092.88538,20460.32183
498,18787,18787,20590.24789,19512.5836,20255.55383,18267.40973,14025.78142,15072.55022,21678.9728,19729.08138,20425.43967
499,18767,18767,20382.12094,19278.87645,20050.80998,18247.96287,14030.6169,14966.60961,21358.95624,19310.75379,20207.4262
500,18781,18781,19704.27627,18673.00537,19383.98366,18261.57567,13943.57833,15004.58832,20776.23951,18782.43894,19705.51075
501,18895,18895,19104.71788,18267.45472,18794.17108,18372.42279,14334.28479,15459.33338,20268.0341,18409.23432,19381.88187
502,18340,18340,19057.93706,18357.7953,18748.15068,17832.77237,13983.22924,14953.61689,20335.85851,18418.63494,19527.22418
503,17233,17233,17965.7479,17251.12318,17673.71503,16756.38856,13190.21119,14011.14525,19350.01644,17727.68937,18498.20061
504,15691,15691,16264.45324,15603.38953,16000.07489,15257.03551,12168.95867,12790.82937,17585.62661,16479.28702,16833.54665
505,11499,11499,14399.90305,15307.81872,12100.54971,10660.7697,11120.6275,10957.85694,16594.0529,14875.54123,14614.65401
506,10616,10616,13151.14132,14086.25695,11096.55346,9834.278067,10266.68245,10108.33319,15289.14954,13589.5364,13347.26905
507,10124,10124,12389.28209,13294.7949,10499.22735,9355.885264,9790.871622,9616.608858,14485.76468,12754.76134,12574.04794
508,9860,9860,11869.91942,12801.84955,10139.51682,9136.135724,9535.558494,9390.735485,13968.96181,12221.74618,12046.93982
509,9791,9791,11567.27609,12526.89996,10001.45559,9111.827147,9468.828926,9365.749492,13733.0093,11947.24807,11739.78307
510,10035,10035,11521.44997,12495.47714,10168.63177,9395.751331,9704.80015,9657.585886,13860.06065,12029.03347,11693.27353
511,11010,11010,11762.99181,12845.05592,10998.8775,10403.09878,10647.71795,10693.00542,14594.66583,12692.71725,11938.41756
512,12844,12844,12193.56638,13428.34184,12350.37478,12238.88254,12421.37052,12579.94759,15878.55318,13848.05345,12375.41345
513,13961,13961,13154.96016,14403.43094,13630.49348,13391.10911,13501.61583,13764.28364,17536.90767,15440.5185,13351.14484
514,14484,14484,14444.77445,15759.52163,14553.71921,13903.53392,14007.40661,14290.98837,18900.0827,16698.32147,14660.1946
515,14835,14835,15597.11039,16928.05741,15310.70796,14283.72007,14346.85702,14681.76929,20009.15503,17785.03315,15829.71575
516,15128,15128,16474.48962,17787.27489,15974.7167,14603.62095,14630.21591,15010.58496,20893.73813,18656.47063,16720.17965
517,15246,15246,17013.90123,18263.52687,16400.17068,14784.47677,14744.33314,15196.48074,21473.58904,19259.99044,17267.63569
518,15264,15264,17370.00836,18509.01758,16672.53636,14808.78534,14761.74086,15221.46673,21618.79058,19607.81338,17629.05358
519,15295,15295,17566.67878,18542.40432,17039.76043,14878.79405,14791.72081,15293.42639,21485.05232,19855.98975,17828.65702
520,15227,15227,17662.14986,18500.17991,17249.20025,14757.25116,14725.95833,15168.49643,21018.87893,19917.09378,17925.55189
521,15127,15127,17647.8292,18451.08177,17371.29521,14641.54233,14629.24882,15049.5631,20418.01201,19850.34938,17911.01766
522,15081,15081,17567.63349,18448.13588,17471.78875,14660.01685,14584.76244,15068.55246,20048.32124,19816.50715,17829.62597
523,14975,14975,17311.771,18428.49663,17291.46389,14811.70237,14482.25035,15224.46505,19623.22461,19604.9932,17569.9477
524,15013,15013,16775.22352,18442.24411,16795.57051,15088.82015,14518.99997,15509.30537,19086.361,19118.04108,17025.39851
525,15468,15468,16534.6364,18554.18787,16815.29354,15597.35559,14959.02827,16032.01234,18707.11749,18804.06037,16781.22342
526,14962,14962,16496.44797,18009.19849,16789.93536,14916.71543,14469.67811,15332.40454,18716.67022,18945.06967,16742.46547
527,14019,14019,15670.62313,16922.16563,15682.62799,13706.14827,13557.70736,14088.10211,18014.54433,17946.72381,15904.3248
528,12798,12798,14469.59693,15407.97893,14178.04241,12241.79957,12376.88414,12582.94591,16745.94136,16331.69728,14685.38727
529,11271,11271,12152.51382,10766.24058,14641.06407,10819.26162,10562.61358,11532.53478,12159.67413,14742.99249,12333.74865
530,10423,10423,11168.20698,9931.572168,13472.70922,10059.86166,9786.036146,10661.02335,11174.78734,13477.66902,11334.76249
531,9969,9969,10693.71571,9448.44645,12715.72047,9679.675515,9362.448456,10197.28333,10700.01649,12693.65731,10853.19496
532,9727,9727,10465.53983,9226.522849,12244.24609,9496.875013,9160.325563,9954.419479,10471.70617,12213.28562,10621.61621
533,9685,9685,10427.35139,9201.973778,11981.27233,9496.875013,9132.279803,9906.446373,10433.49524,11991.43099,10582.85826
534,9957,9957,10695.62513,9488.706927,11951.21818,9798.301372,9446.585737,10212.27492,10701.92704,12090.1375,10855.13286
535,11000,11000,11726.7128,10506.02043,12285.57053,10859.12769,10489.11434,11232.70286,11733.62223,12817.74549,11901.59751
536,12936,12936,13580.76118,12359.96627,12843.45058,12874.79493,12398.16023,13118.64559,13588.76302,14037.94598,13783.29598
537,14054,14054,14926.90341,13523.59224,13776.06824,14047.4407,13511.28679,14341.95979,14935.69841,15390.69521,15149.51372
538,14464,14464,15679.21552,14041.08666,15073.09239,14518.05476,13956.15057,14993.59448,15688.45379,16497.1482,15913.04534
539,14772,14772,16288.32102,14425.03413,16190.73086,14887.54513,14293.66679,15496.31265,16297.91817,17510.53504,16531.23464
540,15104,15104,16780.95179,14748.0999,17012.52386,15201.61195,14607.00563,15923.07341,16790.8392,18460.93773,17031.2122
541,15250,15250,17041.58784,14930.74499,17468.03198,15329.96124,14740.46476,16121.96191,17051.62882,19130.26188,17295.73521
542,15275,15275,17138.96834,14955.29406,17702.82998,15308.56969,14749.16862,16154.94342,17149.0667,19548.58948,17394.56798
543,15371,15371,17271.67314,15025.99538,17734.76251,15317.32078,14761.74086,16206.91428,17281.84969,19950.93602,17529.25186
544,15330,15330,17242.07711,14903.25003,17694.37725,15179.24806,14669.86681,16097.97536,17252.23622,20149.2891,17499.21444
545,15279,15279,17287.90323,14786.39645,17647.41765,15070.34564,14584.76244,15941.06332,17298.08934,20236.71487,17545.72398
546,15353,15353,17446.38522,14805.05374,17644.60008,15156.88417,14625.38044,16036.01009,17456.66471,20274.31735,17706.56948
547,15421,15421,17640.19151,14958.23995,17625.81624,15615.83011,14871.02261,16294.86498,17650.5852,20069.38383,17903.26607
548,15708,15708,17712.74953,15238.09936,17638.96493,16383.00881,15434.8391,16649.66607,17723.18597,19401.9398,17976.90618
549,16216,16216,18041.17005,15751.66592,17746.03281,16156.45287,15741.40828,16816.57251,18051.79999,18811.58086,18310.22455
550,15520,15520,17775.76045,15064.29193,17224.78125,15380.52308,15050.90232,16107.96975,17786.23401,18765.51782,18040.8568
551,14351,14351,16691.20897,13841.7482,16185.09571,14185.51342,13865.24362,14930.62978,16701.04351,17690.08688,16940.13102
552,12836,12836,15216.18078,12362.91216,14736.86165,12720.19237,12400.09442,13422.47526,15225.14623,16014.89638,15443.10519
553,11127,11127,10978.21953,11433.97531,10585.63302,11092.49003,10760.86809,11120.76562,10473.61672,10306.83987,10921.02137
554,10346,10346,10135.20989,10606.18064,9789.198201,10250.44091,10005.56675,10340.20321,9661.634392,9507.787159,10099.35283
555,9955,9955,9665.492173,10049.40771,9362.805034,9797.329029,9627.432536,9949.422281,9191.639917,9045.27665,9659.450099
556,9767,9767,9413.44852,9755.80082,9135.52057,9546.464511,9445.618642,9761.527616,8975.748146,8832.822636,9424.964502
557,9767,9767,9347.573475,9605.560505,9096.074506,9498.819699,9445.618642,9761.527616,8951.866313,8809.321086,9384.268654
558,10077,10077,9580.522911,9603.596579,9351.53473,9755.518276,9745.418148,10071.35392,9230.806123,9083.819193,9647.822714
559,11168,11168,10511.36594,9849.087289,10331.11198,10729.80606,10800.51899,11161.74264,10220.46929,10057.72343,10658.43626
560,13241,13241,12262.30556,10385.239,12149.38769,12632.6815,12805.3073,13233.58116,12024.02532,11832.56051,12534.32104
561,14447,14447,13328.71752,11119.7472,13199.40435,13867.55723,13971.62409,14438.90544,13156.02421,12946.53399,13617.60575
562,14931,14931,13828.03127,12152.77211,13584.47307,14109.67066,14439.69816,14922.63426,13659.45325,13441.94667,14014.87474
563,15311,15311,14163.13477,13011.9896,13873.7442,14255.52212,14807.19433,15302.42135,14032.96512,13809.51091,14313.31095
564,15634,15634,14442.86503,13498.0612,14185.55595,14371.23095,15119.56607,15625.24038,14347.25004,14118.79131,14635.00194
565,15766,15766,14555.52091,13765.1551,14322.67798,14321.64145,15247.22264,15757.16642,14524.93088,14293.64285,14776.46845
566,15744,15744,14572.7057,13819.16305,14346.15778,14191.34748,15225.94654,15735.17874,14548.81271,14317.1444,14800.69217
567,15753,15753,14602.30174,13666.95881,14436.32021,14148.56438,15234.6504,15744.1737,14617.59239,14384.82886,14893.71125
568,15611,15611,14537.3814,13436.19755,14397.81334,14010.49166,15097.32288,15602.25326,14498.18323,14267.32111,14853.98435
569,15499,15499,14441.91032,13338.00126,14349.91455,13949.23405,14989.00822,15490.31601,14384.5057,14155.45373,14804.56797
570,15588,15588,14397.99362,13516.7185,14419.41475,14162.17718,15075.0797,15579.26615,14402.6559,14173.31491,14876.27018
571,16060,16060,14296.79428,13970.38533,14483.27981,14808.78534,15531.54862,16051.00169,14551.67853,14319.96458,14942.15869
572,16849,16849,14333.07329,14867.89937,14752.82791,15325.09953,16294.58672,16839.55962,14823.93143,14587.88226,15220.24698
573,16616,16616,14767.46671,14924.85321,15229.93745,14977.0007,16069.25354,16606.69017,15323.53938,15079.53469,15712.47295
574,15818,15818,14284.38304,14352.36888,14576.25982,14412.06936,15297.51159,15809.13728,14654.84805,14421.49128,15038.08462
575,14589,14589,13384.09075,13245.69675,13478.34437,13616.69271,14108.95161,14580.82588,13465.53277,13251.11408,13905.38353
576,13082,13082,12218.38886,12023.15302,12055.46849,12521.83438,12651.53917,13074.67024,12026.89114,11835.38069,12437.42617
577,11732,11732,10623.06711,12546.53921,10450.38937,11408.50154,10850.80794,11471.56895,10629.32627,10595.4389,10781.49275
578,10861,10861,9877.437971,11715.79865,9716.880417,10600.48443,10013.30351,10563.07826,9883.257803,9798.26632,10024.74378
579,10327,10327,9504.146047,11281.77107,9349.656346,9928.595347,9485.269544,10033.37522,9509.745934,9371.478167,9645.884817
580,10050,10050,9324.660416,11131.53076,9173.08825,9649.532879,9192.239704,9734.542744,9330.154549,9143.983161,9463.722452
581,9932,9932,9324.660416,11158.04376,9173.08825,9601.888067,9045.241236,9591.622866,9330.154549,9104.500557,9463.722452
582,10013,10013,9620.620765,11535.11749,9464.23777,9769.131079,9057.813474,9654.587567,9626.289279,9360.197423,9764.096565
583,10414,10414,10662.21025,12719.36467,10488.89624,10152.23426,9273.475699,10044.36905,10668.49248,10340.6821,10821.21965
584,11236,11236,12641.32575,14709.80335,12435.84125,10750.22526,9789.904526,10870.90569,12648.77407,12160.64215,12829.85041
585,12097,12097,13792.70698,15671.14497,13568.5068,11637.00217,10395.30611,11757.40871,13800.8337,13211.63147,13998.40261
586,12966,12966,14254.787,15778.17892,14023.07573,12475.16191,11334.35553,12746.85402,14263.18599,13597.0569,14467.3738
587,13584,13584,14617.57711,15679.00067,14379.96869,12908.82693,12070.31497,13426.47302,14626.18985,13886.596,14835.57433
588,13771,13771,14925.9487,15574.91261,14683.32771,12968.13986,12418.46923,13732.30157,14934.74314,14198.69658,15148.54477
589,13707,13707,15051.97052,15394.23145,14807.30105,12948.693,12627.36179,13739.29765,15060.83922,14335.94564,15276.44601
590,13532,13532,15030.96689,15217.47814,14786.63883,12870.90555,12692.15717,13636.35536,15039.8232,14359.44719,15255.12914
591,13295,13295,15039.55928,15098.66063,14795.09155,12742.55627,12616.72374,13445.46237,15048.42066,14449.69314,15263.84968
592,13108,13108,14903.99035,14954.3121,14661.72629,12706.57957,12553.86256,13239.5778,14912.77185,14411.1506,15126.25895
593,13033,13033,14797.06274,15075.09353,14556.53679,12979.80798,12589.64508,13145.63046,14805.78124,14363.20744,15017.73669
594,13348,13348,14882.032,16261.30464,14640.12487,14062.99819,12896.21425,13283.55314,14890.80056,14432.77202,15103.97313
595,14218,14218,15332.6555,17269.78047,15083.4235,15371.772,13497.74745,13936.18727,15341.68957,14496.69624,15561.31694
596,14981,14981,16085.92232,17191.22345,15824.44598,15265.7866,14530.60511,14813.69533,16095.40022,14766.49404,16325.81751
597,14667,14667,15863.47471,16780.76298,15605.61425,14782.53208,14288.83131,14491.87575,15872.82154,15244.04554,16100.05245
598,14240,14240,15101.61549,16135.61339,14856.13903,14073.69396,13808.18501,13956.17606,15110.51343,14589.76238,15326.83134
599,13591,13591,13928.27591,15110.44419,13701.87207,13037.17622,12770.49188,13222.58732,13936.48251,13490.82989,14135.99333
600,12701,12701,12489.52673,13715.07499,12286.50973,11900.50714,11565.49128,12261.12632,12496.88562,12066.63595,12675.78756
601,12777,12777,11200.66714,12193.03259,12000.05617,12423.62773,11345.96067,10981.8435,5994.340104,10460.06997,11367.70675
602,11931,11931,10369.11403,11235.61882,11205.49974,11601.02547,10503.62077,10207.27772,11252.16448,9725.881545,10523.75239
603,11489,11489,9859.298466,10678.84589,10790.37687,11171.24982,9987.191944,9793.509686,10894.89225,9358.317299,10006.33375
604,11336,11336,9594.843573,10374.43741,10646.6805,11022.48133,9719.306578,9574.632391,10773.57254,9181.585642,9737.934948
605,11363,11363,9482.187698,10266.4215,10672.03868,11048.73459,9605.189347,9531.656483,10822.29148,9181.585642,9623.598996
606,11747,11747,9559.519273,10381.31115,11032.68841,11422.11434,9683.524056,9809.500722,11218.72991,9473.004864,9702.083845
607,12953,12953,9942.358306,10884.07612,12165.35396,12594.76011,10071.32922,10805.94211,12402.31356,10498.61252,10090.63229
608,14980,14980,10727.13059,11627.42199,14069.09614,14565.69957,10866.28146,12728.86411,14128.49245,12447.36106,10887.10817
609,15959,15959,11549.13659,12541.6294,14988.56511,15517.62346,11698.95042,13922.19511,14953.8486,13581.07584,11721.37304
610,16068,16068,12378.78028,13570.72645,15090.93703,15623.60886,12539.35613,14167.05784,15095.22906,14036.06586,12563.38951
611,15967,15967,12968.79155,14227.65959,14996.07864,15525.4022,13137.02095,14306.9794,15088.54214,14393.28942,13162.19983
612,15861,15861,13147.32247,14515.37471,14896.52429,15422.33384,13317.86775,14434.90768,15059.88394,14696.92945,13343.39325
613,15677,15677,13086.22098,14506.53704,14723.71296,15243.42271,13255.97366,14440.90432,14943.3406,14821.01763,13281.38053
614,15497,15497,12919.14659,14002.7901,14554.6584,15068.40095,13086.732,14364.9469,14774.25722,14800.33627,13111.8145
615,15376,15376,12692.88013,13185.79702,14441.01617,14950.74743,12857.53044,14300.98276,14656.7586,14808.79683,12882.17365
616,15229,15229,12514.34921,12463.07237,14302.95495,14807.813,12676.68364,14149.06793,14523.02033,14675.30802,12700.98023
617,15352,15352,12442.7459,12106.61986,14418.47556,14927.4112,12604.15151,14108.0909,14571.73927,14570.02108,12628.30907
618,16560,16560,12743.4798,12567.16043,15553.0195,16102.00166,12908.78649,14364.9469,15495.48858,14653.6866,12933.52793
619,17587,17587,13574.0782,13109.20392,16517.56968,17100.59802,13750.1593,15178.49083,16852.93197,15097.39586,13776.51334
620,17507,17507,14302.52254,13113.13177,16442.43432,17022.81057,14488.05292,15886.09414,16891.1429,15839.10479,14515.82124
621,17089,17089,14002.74335,13081.70896,16049.85206,16616.37116,14184.38503,15624.24094,16572.08161,15620.07034,14211.57133
622,16432,16432,13595.08184,13017.88138,15432.80292,15977.54174,13771.43539,15019.57991,15898.61392,14869.90086,13797.83022
623,15388,15388,12975.47453,12671.24849,14452.28647,14962.41555,13143.79062,14006.14805,14851.63436,13714.56465,13168.98248
624,13967,13967,12125.78191,12106.61986,13117.69464,13580.71601,12283.07591,12637.91509,13562.01537,12297.8912,12306.61809
625,12417,12417,11721.93924,11354.43632,11661.94705,13232.61719,11838.21212,11401.60817,12205.52725,5898.889106,12031.43664
626,11442,11442,10896.1144,10520.74987,10746.23485,12287.4997,11163.17968,10536.09339,11397.36602,11072.9904,11086.71161
627,10875,10875,10449.30974,10014.05705,10213.71298,11746.87694,10821.79509,10070.35449,10975.13521,10721.40721,10537.31767
628,10565,10565,10196.31138,9755.80082,9922.563465,11459.06338,10697.03981,9812.499041,10828.97839,10602.01934,10236.94356
629,10455,10455,10097.02146,9655.64061,9819.252345,11367.66313,10763.76937,9763.526495,10854.77077,10649.9625,10130.35919
630,10572,10572,10233.5451,9753.836894,9929.137809,11481.42727,11180.5874,10027.37858,11221.59573,11040.08823,10243.7262
631,11084,11084,10684.1686,10160.36951,10410.00411,11911.20292,12367.21319,11028.81716,12373.65536,12204.82506,10739.82796
632,11841,11841,11362.96798,10886.04005,11120.97246,12779.5053,14390.37631,12984.72067,14309.99438,13903.51711,11473.32216
633,12772,12772,12170.65332,11710.88883,11995.36021,13747.95903,15429.03653,14254.0091,15245.20697,14715.73069,12375.41345
634,13820,13820,12991.70461,12778.28244,12979.63342,14801.0066,15597.31109,14502.86958,15349.33176,14854.85987,13390.87174
635,14489,14489,13365.95125,13517.70046,13607.95287,15501.09363,15547.02214,14652.78554,15252.84915,14848.27943,14039.09845
636,14782,14782,13388.86431,13766.13706,13883.13612,15835.57965,15474.49001,14771.71887,15151.59018,14820.07757,14323.00044
637,14773,14773,13231.33702,13800.50576,13874.6834,15882.25212,15338.12959,14720.74744,14975.81989,14705.39001,14314.2799
638,14260,14260,12985.02164,13733.73229,13392.8779,15805.43702,15099.25708,14586.82252,14803.87069,14538.99903,13817.20919
639,13428,13428,12732.02327,13567.78057,12611.47016,15667.3643,14959.99537,14542.84717,14688.28262,14423.3714,13011.04383
640,12692,12692,12581.17897,13521.62831,11920.22485,15553.60015,14796.55628,14400.92673,14547.85744,14291.76272,12297.89755
641,12329,12329,12688.10658,13760.24528,11579.29815,15754.87517,14912.60771,14337.96203,14665.35606,14339.70588,11946.16915
642,12798,12798,13687.68879,15023.0495,12019.7792,16791.39291,16031.53683,14556.83933,15819.32623,15248.74585,12400.60612
643,13350,13350,14794.19861,15974.57149,12538.21318,17272.70275,17202.6891,15221.46673,16800.39194,16584.57396,12935.46583
644,13354,13354,14611.84884,15842.0065,12541.96995,16978.08279,17125.32148,15752.16922,16723.97007,16622.17644,12939.34162
645,13322,13322,14183.18369,15465.91474,12511.91581,16435.51534,16738.48341,15394.3698,16324.66582,16308.19573,12908.33526
646,13257,13257,13686.73408,15033.85109,12450.86833,15886.14149,16111.80573,14813.69533,15697.05125,15645.45202,12845.35359
647,12904,12904,13017.4818,14378.88187,12119.33355,15103.4053,15004.48175,13996.15365,14699.7459,14615.14405,12503.31468
648,12329,12329,12138.19315,13446.01717,11579.29815,14016.32572,13626.37111,12870.78454,13342.30251,13346.06034,11946.16915
649,12869,12869,12286.17333,12636.87979,10859.87708,12513.08329,13019.03534,12166.17955,11045.82544,12011.17229,12761.05505
650,11822,11822,11286.59112,11608.7647,10062.50307,11495.04007,12135.11034,11373.62386,10234.79839,11215.87983,11910.31805
651,11200,11200,10692.761,10997.98381,9577.880002,10890.24267,11698.95042,10940.86647,9741.877351,10800.37242,11469.44637
652,10854,10854,10362.43106,10658.22467,9330.872506,10553.81196,11519.07071,10756.96956,9490.640467,10656.54293,11265.96713
653,10713,10713,10227.81684,10519.76791,9235.074922,10416.71158,11527.77457,10779.95668,9393.202588,10681.92461,11253.37079
654,10801,10801,10311.83139,10606.18064,9328.994122,10502.27777,11860.45531,11163.74152,9488.729921,11042.90842,11608.00604
655,11232,11232,10723.31174,11029.40662,9717.819609,10921.35765,13003.56182,12386.05629,9884.213077,12176.6232,12749.42767
656,12066,12066,11519.54055,11848.36363,10411.8825,11732.29179,15066.37584,14453.89704,10590.16006,14082.12889,14770.65476
657,13068,13068,12476.16078,12832.2904,11200.80378,12706.57957,16013.16202,15440.34403,11392.58965,15002.4496,15841.34313
658,14179,14179,13536.84448,13923.25111,12221.70548,13786.85275,16043.14197,15568.27231,12430.97176,15104.91636,16082.61137
659,14924,14924,14248.10403,14654.81343,12928.91705,14511.24836,15952.23503,15522.29809,13150.29257,15009.9701,16200.82312
660,15269,15269,14577.47926,14993.59061,13166.53263,14846.70672,15886.47255,15492.31489,13391.97672,14910.32352,16330.66225
661,15293,15293,14600.39231,15017.15772,13199.40435,14870.04296,15756.8818,15371.38269,13425.41129,14737.35211,16400.42656
662,15136,15136,14450.50272,14862.98955,13135.53929,14717.38509,15526.71315,15187.48578,13360.4527,14568.14095,16347.13438
663,14906,14906,14230.91923,14637.1381,12976.81584,14493.74618,15435.8062,15102.53341,13199.01151,14454.39345,16315.15907
664,14807,14807,14136.40286,14539.92378,12932.67382,14397.48421,15304.28125,14993.59448,13154.11366,14316.20433,16226.98473
665,14998,14998,14318.75263,14727.47868,13160.89748,14583.20174,15490.93062,15140.51212,13386.24508,14431.83196,16445.96715
666,16155,16155,15423.35303,15863.60969,14368.69839,15708.20271,16693.99703,16244.89299,14614.72657,15567.42687,17569.9477
667,16773,16773,16013.3643,16470.46272,15278.77543,16309.11074,17772.30816,17551.16069,15540.38642,16532.87055,18300.53506
668,16461,16461,15715.49453,16164.09032,15151.98451,16005.73969,17828.39968,17486.19711,15411.42453,16457.66559,18146.47221
669,15926,15926,15204.72425,15638.7402,14792.27398,15485.53614,17493.78475,17097.41506,15045.55484,16064.71967,17680.40786
670,15383,15383,14686.31629,15105.53437,14379.0295,14957.55384,16809.08136,16478.76188,14625.23458,15447.09893,16905.24886
671,14613,14613,13951.18897,14349.42299,13752.58844,14208.84965,15684.34966,15381.37709,13988.06727,14465.67419,15680.49764
672,13563,13563,12948.74263,13318.362,12860.35604,13187.8894,14179.54956,13975.16542,13080.55762,13129.84608,14131.14859
673,12359,12359,12578.31483,13063.05167,12275.23942,12810.62028,12445.5479,12861.78959,12708.00102,12511.28528,12469.40148
674,11386,11386,11675.15841,11971.10899,11262.79045,11890.78371,11432.99924,11815.37621,11645.73708,11497.89843,11454.91214
675,10792,10792,11236.94615,11438.88513,10693.6401,11444.47823,10831.46604,11193.72472,11127.97894,10964.88327,10852.22601
676,10478,10478,11030.72862,11142.33235,10394.03785,11234.45212,10496.8511,10847.91858,10839.4864,10739.26839,10516.96974
677,10340,10340,11046.9587,11063.77532,10299.17946,11250.98196,10360.49068,10706.99758,10763.06453,10735.50814,10380.34797
678,10407,10407,11438.39013,11351.49044,10390.28108,11649.64263,10445.59506,10794.94827,11042.95962,11099.31214,10465.61546
679,10719,10719,12619.3674,12443.43311,10792.25526,12852.43103,10862.41308,11225.70679,12105.22355,12234.90705,10883.23237
680,11321,11321,14707.31992,14455.47497,11552.06158,14978.94538,11668.97046,12059.2395,14062.57859,14247.57981,11691.33563
681,11981,11981,15814.78446,15717.29722,12433.02368,16106.86338,12637.99984,13060.67809,15290.10481,15309.84988,12662.22228
682,12970,12970,15881.61421,15933.32905,13461.43892,16174.92739,13712.44258,14171.0556,15500.26494,15450.85918,13738.72434
683,13741,13741,15802.37322,16025.63356,14154.56261,16094.22292,14432.92849,14915.63818,15590.06064,15398.21571,14460.59116
684,14132,14132,15751.77354,16107.13647,14397.81334,16042.68873,14766.57633,15260.44488,15669.34832,15304.20951,14794.87848
685,14350,14350,15653.43833,16080.62347,14461.67839,15942.53739,14789.78662,15284.43144,15643.55594,15146.27909,14818.13325
686,14437,14437,15464.40559,15913.68979,14360.24566,15750.01346,14637.95267,15127.5194,15481.15948,14908.4434,14666.0083
687,14352,14352,15399.48526,15844.95239,14252.23858,15683.89413,14415.52078,14897.64827,15414.29035,14870.84092,14443.15008
688,14276,14276,15289.69351,15728.09881,14227.81959,15572.07467,14319.77836,14798.70374,15300.61282,14916.90396,14347.22416
689,14660,14660,15567.51436,15912.70783,14473.88789,15855.02651,14504.49354,14989.59672,15480.2042,15241.22535,14532.29337
690,16391,16391,17066.41032,17165.69241,15741.79709,17381.60517,15623.42266,16145.94846,16699.13297,16562.01247,15653.36707
691,17344,17344,18138.55055,18103.46693,16748.61091,18473.54647,16221.08749,16763.6022,17611.41899,17455.07138,16252.1774
692,17255,17255,18062.17369,17968.93802,16693.19858,18395.75902,15919.35379,16451.77701,17480.54654,17352.60462,15949.86539
693,16845,16845,17742.34557,17558.47755,16344.75835,18070.02408,15401.95787,15917.07677,17081.24229,17023.58292,15431.47781
694,16178,16178,17136.10421,16883.86908,15910.85165,17452.58622,14876.82518,15374.38101,16424.96952,16526.29012,14905.33864
695,15081,15081,16084.96761,15772.28714,15282.5322,16382.03647,14132.16189,14604.81243,15343.60012,15527.94426,14159.2481
696,13638,13638,14546.92851,14218.82193,14278.53595,14815.59174,13116.71195,13555.40074,13832.35772,14043.58635,13141.85191
697,13303,13303,12706.24608,12650.62727,13074.49181,13251.0917,12865.2672,13295.54642,13298.35993,13086.60323,12889.92524
698,12191,12191,11677.06784,11562.61245,12080.82668,12347.78497,11789.85736,12184.16946,12287.68076,12092.01762,11812.45422
699,11649,11649,11135.74681,11018.60503,11464.71673,11795.49409,11265.69177,11642.47314,11661.02146,11475.33694,11287.284
700,11347,11347,10906.61622,10791.77162,11123.79003,11507.68053,10973.62903,11340.64235,11314.25724,11134.09443,10994.66148
701,11267,11267,10902.79737,10779.98806,10974.4585,11389.05468,10896.26141,11260.68718,11162.36878,10984.62457,10917.14558
702,11560,11560,11272.27045,11148.22413,10999.81669,11460.03572,11179.6203,11553.52301,11188.16116,11010.00625,11201.04756
703,12672,12672,12425.5611,12305.95832,11292.84459,11790.63237,12255.03015,12664.89996,11486.20644,11303.3056,12278.51857
704,14721,14721,14469.59693,14381.82776,11896.74505,12341.95091,14236.60817,14712.75192,12100.44719,11907.76547,14263.89456
705,16006,16006,15548.42014,15596.51579,12557.93621,12911.74396,15479.32548,15997.03195,12772.95961,12569.56912,15508.99371
706,16226,16226,15691.62676,15784.0707,13397.57386,13766.43354,15692.08642,16216.90868,13626.97396,13409.98456,15722.16243
707,16320,16320,15638.16296,15814.51154,13949.81876,14495.69087,15782.99337,16310.85601,14188.67467,13962.74102,15813.24362
708,16403,16403,15542.69188,15805.67388,14154.56261,14974.08367,15863.26227,16393.80951,14396.92426,14167.67454,15893.66636
709,16376,16376,15382.30046,15731.0447,14271.02242,15285.23346,15837.1507,16366.82464,14515.37815,14284.24223,15867.50475
710,16206,16206,15140.75863,15589.64205,14322.67798,15416.49978,15672.74452,16196.91989,14567.91818,14335.94564,15702.78346
711,16136,16136,15102.5702,15604.3715,14225.00201,15291.06752,15605.04786,16126.95911,14468.56976,14238.17919,15634.95705
712,16017,16017,15149.35103,15594.55187,14115.11655,15162.71823,15489.96353,16008.02578,14356.80278,14128.19193,15519.65215
713,16205,16205,15478.72625,15813.52958,14213.73171,15304.68032,15671.77742,16195.92045,14457.10648,14226.89844,15701.81451
714,17481,17481,16820.09493,17181.40382,15506.0599,16692.21392,16905.79087,17471.20551,15771.56257,15520.42377,16938.19312
715,18436,18436,17727.0702,18292.00379,16561.7117,17942.64714,17829.36677,18425.67043,16845.28978,16577.05347,17863.53917
716,18299,18299,17623.00672,18222.28443,16548.56302,17870.69375,17696.87473,18288.74719,16831.91596,16563.8926,17730.7932
717,17881,17881,17288.85794,17860.9221,16250.83915,17424.38827,17292.62895,17870.9814,16529.09431,16265.89294,17325.77262
718,17194,17194,16783.81592,17275.67225,15848.86498,16934.32735,16628.23456,17184.36632,16120.23733,15863.5464,16660.10483
719,16062,16062,15769.91305,16213.18846,15114.41683,16072.83137,15533.48281,16053.00057,15373.21359,15128.41791,15563.25484
720,14480,14480,14262.42469,14643.02988,14031.52846,14937.13463,14003.53823,14471.88695,14271.78345,14044.52641,14030.37792