Time_index,Demand-base,Demand-1,Demand-2,,,,,,,,,,,
1,12933,9699.75,16166.25,,18,232794,174595.5,290992.5,10.4,139098363,0.074767235,,RAOPT sys cost,3.665629714
2,12100,9075,15125,,18,217800,163350,272250,104323772.3,,,,,
3,11687,8765.25,14608.75,,18,210366,157774.5,262957.5,173872953.8,278196726,,,,
4,11501,8625.75,14376.25,,18,207018,155263.5,258772.5,,,,,,
5,11546,8659.5,14432.5,,18,207828,155871,259785,,,,,,
6,11965,8973.75,14956.25,,18,215370,161527.5,269212.5,,,,,,
7,13187,9890.25,16483.75,,18,237366,178024.5,296707.5,,,,,,
8,15362,11521.5,19202.5,,18,276516,207387,345645,,,,,,
9,16574,12430.5,20717.5,,18,298332,223749,372915,,,,,,
10,16766,12574.5,20957.5,,18,301788,226341,377235,,,,,,
11,16894,12670.5,21117.5,,18,304092,228069,380115,,,,,,
12,17042,12781.5,21302.5,,18,306756,230067,383445,,,,,,
13,17071,12803.25,21338.75,,18,307278,230458.5,384097.5,,,,,,
14,17012,12759,21265,,18,306216,229662,382770,,,,,,
15,16979,12734.25,21223.75,,18,305622,229216.5,382027.5,,,,,,
16,16918,12688.5,21147.5,,18,304524,228393,380655,,,,,,
17,17154,12865.5,21442.5,,18,308772,231579,385965,,,,,,
18,18508,13881,23135,,18,333144,249858,416430,,,,,,
19,19960,14970,24950,,18,359280,269460,449100,,,,,,
20,19996,14997,24995,,18,359928,269946,449910,,,,,,
21,19654,14740.5,24567.5,,18,353772,265329,442215,,,,,,
22,19012,14259,23765,,18,342216,256662,427770,,,,,,
23,17885,13413.75,22356.25,,18,321930,241447.5,402412.5,,,,,,
24,16380,12285,20475,,18,294840,221130,368550,,,,,,
25,12912,9684,16140,,13,167856,125892,209820,,,,,,
26,12184,9138,15230,,13,158392,118794,197990,,,,,,
27,11833,8874.75,14791.25,,13,153829,115371.75,192286.25,,,,,,
28,11717,8787.75,14646.25,,13,152321,114240.75,190401.25,,,,,,
29,11765,8823.75,14706.25,,13,152945,114708.75,191181.25,,,,,,
30,12194,9145.5,15242.5,,13,158522,118891.5,198152.5,,,,,,
31,13405,10053.75,16756.25,,13,174265,130698.75,217831.25,,,,,,
32,15599,11699.25,19498.75,,13,202787,152090.25,253483.75,,,,,,
33,16868,12651,21085,,13,219284,164463,274105,,,,,,
34,16991,12743.25,21238.75,,13,220883,165662.25,276103.75,,,,,,
35,17009,12756.75,21261.25,,13,221117,165837.75,276396.25,,,,,,
36,16996,12747,21245,,13,220948,165711,276185,,,,,,
37,16841,12630.75,21051.25,,13,218933,164199.75,273666.25,,,,,,
38,16560,12420,20700,,13,215280,161460,269100,,,,,,
39,16376,12282,20470,,13,212888,159666,266110,,,,,,
40,16152,12114,20190,,13,209976,157482,262470,,,,,,
41,16215,12161.25,20268.75,,13,210795,158096.25,263493.75,,,,,,
42,17323,12992.25,21653.75,,13,225199,168899.25,281498.75,,,,,,
43,18781,14085.75,23476.25,,13,244153,183114.75,305191.25,,,,,,
44,18735,14051.25,23418.75,,13,243555,182666.25,304443.75,,,,,,
45,18237,13677.75,22796.25,,13,237081,177810.75,296351.25,,,,,,
46,17500,13125,21875,,13,227500,170625,284375,,,,,,
47,16287,12215.25,20358.75,,13,211731,158798.25,264663.75,,,,,,
48,14758,11068.5,18447.5,,13,191854,143890.5,239817.5,,,,,,
49,12327,9245.25,15408.75,,14,172578,129433.5,215722.5,,,,,,
50,11485,8613.75,14356.25,,14,160790,120592.5,200987.5,,,,,,
51,11059,8294.25,13823.75,,14,154826,116119.5,193532.5,,,,,,
52,10865,8148.75,13581.25,,14,152110,114082.5,190137.5,,,,,,
53,10875,8156.25,13593.75,,14,152250,114187.5,190312.5,,,,,,
54,11239,8429.25,14048.75,,14,157346,118009.5,196682.5,,,,,,
55,12411,9308.25,15513.75,,14,173754,130315.5,217192.5,,,,,,
56,14606,10954.5,18257.5,,14,204484,153363,255605,,,,,,
57,15739,11804.25,19673.75,,14,220346,165259.5,275432.5,,,,,,
58,15955,11966.25,19943.75,,14,223370,167527.5,279212.5,,,,,,
59,16109,12081.75,20136.25,,14,225526,169144.5,281907.5,,,,,,
60,16262,12196.5,20327.5,,14,227668,170751,284585,,,,,,
61,16284,12213,20355,,14,227976,170982,284970,,,,,,
62,16228,12171,20285,,14,227192,170394,283990,,,,,,
63,16208,12156,20260,,14,226912,170184,283640,,,,,,
64,16152,12114,20190,,14,226128,169596,282660,,,,,,
65,16300,12225,20375,,14,228200,171150,285250,,,,,,
66,17014,12760.5,21267.5,,14,238196,178647,297745,,,,,,
67,18069,13551.75,22586.25,,14,252966,189724.5,316207.5,,,,,,
68,18100,13575,22625,,14,253400,190050,316750,,,,,,
69,17706,13279.5,22132.5,,14,247884,185913,309855,,,,,,
70,17043,12782.25,21303.75,,14,238602,178951.5,298252.5,,,,,,
71,15947,11960.25,19933.75,,14,223258,167443.5,279072.5,,,,,,
72,14494,10870.5,18117.5,,14,202916,152187,253645,,,,,,
73,13095,9821.25,16368.75,,17,222615,166961.25,278268.75,,,,,,
74,12313,9234.75,15391.25,,17,209321,156990.75,261651.25,,,,,,
75,11953,8964.75,14941.25,,17,203201,152400.75,254001.25,,,,,,
76,11835,8876.25,14793.75,,17,201195,150896.25,251493.75,,,,,,
77,11892,8919,14865,,17,202164,151623,252705,,,,,,
78,12307,9230.25,15383.75,,17,209219,156914.25,261523.75,,,,,,
79,13539,10154.25,16923.75,,17,230163,172622.25,287703.75,,,,,,
80,15713,11784.75,19641.25,,17,267121,200340.75,333901.25,,,,,,
81,16771,12578.25,20963.75,,17,285107,213830.25,356383.75,,,,,,
82,16891,12668.25,21113.75,,17,287147,215360.25,358933.75,,,,,,
83,16814,12610.5,21017.5,,17,285838,214378.5,357297.5,,,,,,
84,16711,12533.25,20888.75,,17,284087,213065.25,355108.75,,,,,,
85,16514,12385.5,20642.5,,17,280738,210553.5,350922.5,,,,,,
86,16246,12184.5,20307.5,,17,276182,207136.5,345227.5,,,,,,
87,16114,12085.5,20142.5,,17,273938,205453.5,342422.5,,,,,,
88,15986,11989.5,19982.5,,17,271762,203821.5,339702.5,,,,,,
89,16139,12104.25,20173.75,,17,274363,205772.25,342953.75,,,,,,
90,16805,12603.75,21006.25,,17,285685,214263.75,357106.25,,,,,,
91,18110,13582.5,22637.5,,17,307870,230902.5,384837.5,,,,,,
92,18310,13732.5,22887.5,,17,311270,233452.5,389087.5,,,,,,
93,17872,13404,22340,,17,303824,227868,379780,,,,,,
94,17156,12867,21445,,17,291652,218739,364565,,,,,,
95,15986,11989.5,19982.5,,17,271762,203821.5,339702.5,,,,,,
96,14447,10835.25,18058.75,,17,245599,184199.25,306998.75,,,,,,
97,12496,9372,15620,,13,162448,121836,203060,,,,,,
98,11836,8877,14795,,13,153868,115401,192335,,,,,,
99,11463,8597.25,14328.75,,13,149019,111764.25,186273.75,,,,,,
100,11258,8443.5,14072.5,,13,146354,109765.5,182942.5,,,,,,
101,11295,8471.25,14118.75,,13,146835,110126.25,183543.75,,,,,,
102,11605,8703.75,14506.25,,13,150865,113148.75,188581.25,,,,,,
103,12426,9319.5,15532.5,,13,161538,121153.5,201922.5,,,,,,
104,13634,10225.5,17042.5,,13,177242,132931.5,221552.5,,,,,,
105,14565,10923.75,18206.25,,13,189345,142008.75,236681.25,,,,,,
106,15326,11494.5,19157.5,,13,199238,149428.5,249047.5,,,,,,
107,15798,11848.5,19747.5,,13,205374,154030.5,256717.5,,,,,,
108,15999,11999.25,19998.75,,13,207987,155990.25,259983.75,,,,,,
109,15947,11960.25,19933.75,,13,207311,155483.25,259138.75,,,,,,
110,15700,11775,19625,,13,204100,153075,255125,,,,,,
111,15415,11561.25,19268.75,,13,200395,150296.25,250493.75,,,,,,
112,15185,11388.75,18981.25,,13,197405,148053.75,246756.25,,,,,,
113,15120,11340,18900,,13,196560,147420,245700,,,,,,
114,15586,11689.5,19482.5,,13,202618,151963.5,253272.5,,,,,,
115,16932,12699,21165,,13,220116,165087,275145,,,,,,
116,17646,13234.5,22057.5,,13,229398,172048.5,286747.5,,,,,,
117,17212,12909,21515,,13,223756,167817,279695,,,,,,
118,16550,12412.5,20687.5,,13,215150,161362.5,268937.5,,,,,,
119,15530,11647.5,19412.5,,13,201890,151417.5,252362.5,,,,,,
120,14242,10681.5,17802.5,,13,185146,138859.5,231432.5,,,,,,
121,13175,9881.25,16468.75,,9,118575,88931.25,148218.75,,,,,,
122,12382,9286.5,15477.5,,9,111438,83578.5,139297.5,,,,,,
123,11961,8970.75,14951.25,,9,107649,80736.75,134561.25,,,,,,
124,11749,8811.75,14686.25,,9,105741,79305.75,132176.25,,,,,,
125,11744,8808,14680,,9,105696,79272,132120,,,,,,
126,12073,9054.75,15091.25,,9,108657,81492.75,135821.25,,,,,,
127,13233,9924.75,16541.25,,9,119097,89322.75,148871.25,,,,,,
128,14974,11230.5,18717.5,,9,134766,101074.5,168457.5,,,,,,
129,15889,11916.75,19861.25,,9,143001,107250.75,178751.25,,,,,,
130,15901,11925.75,19876.25,,9,143109,107331.75,178886.25,,,,,,
131,15804,11853,19755,,9,142236,106677,177795,,,,,,
132,15716,11787,19645,,9,141444,106083,176805,,,,,,
133,15524,11643,19405,,9,139716,104787,174645,,,,,,
134,15290,11467.5,19112.5,,9,137610,103207.5,172012.5,,,,,,
135,15159,11369.25,18948.75,,9,136431,102323.25,170538.75,,,,,,
136,14880,11160,18600,,9,133920,100440,167400,,,,,,
137,14740,11055,18425,,9,132660,99495,165825,,,,,,
138,14955,11216.25,18693.75,,9,134595,100946.25,168243.75,,,,,,
139,15796,11847,19745,,9,142164,106623,177705,,,,,,
140,16900,12675,21125,,9,152100,114075,190125,,,,,,
141,16641,12480.75,20801.25,,9,149769,112326.75,187211.25,,,,,,
142,15981,11985.75,19976.25,,9,143829,107871.75,179786.25,,,,,,
143,14888,11166,18610,,9,133992,100494,167490,,,,,,
144,13425,10068.75,16781.25,,9,120825,90618.75,151031.25,,,,,,
145,11591,8693.25,14488.75,,11,127501,95625.75,159376.25,,,,,,
146,10798,8098.5,13497.5,,11,118778,89083.5,148472.5,,,,,,
147,10316,7737,12895,,11,113476,85107,141845,,,,,,
148,10058,7543.5,12572.5,,11,110638,82978.5,138297.5,,,,,,
149,9923,7442.25,12403.75,,11,109153,81864.75,136441.25,,,,,,
150,9967,7475.25,12458.75,,11,109637,82227.75,137046.25,,,,,,
151,10214,7660.5,12767.5,,11,112354,84265.5,140442.5,,,,,,
152,10721,8040.75,13401.25,,11,117931,88448.25,147413.75,,,,,,
153,11302,8476.5,14127.5,,11,124322,93241.5,155402.5,,,,,,
154,12170,9127.5,15212.5,,11,133870,100402.5,167337.5,,,,,,
155,12889,9666.75,16111.25,,11,141779,106334.25,177223.75,,,,,,
156,13196,9897,16495,,11,145156,108867,181445,,,,,,
157,13244,9933,16555,,11,145684,109263,182105,,,,,,
158,13107,9830.25,16383.75,,11,144177,108132.75,180221.25,,,,,,
159,12864,9648,16080,,11,141504,106128,176880,,,,,,
160,12650,9487.5,15812.5,,11,139150,104362.5,173937.5,,,,,,
161,12534,9400.5,15667.5,,11,137874,103405.5,172342.5,,,,,,
162,12683,9512.25,15853.75,,11,139513,104634.75,174391.25,,,,,,
163,13006,9754.5,16257.5,,11,143066,107299.5,178832.5,,,,,,
164,13443,10082.25,16803.75,,11,147873,110904.75,184841.25,,,,,,
165,14529,10896.75,18161.25,,11,159819,119864.25,199773.75,,,,,,
166,14338,10753.5,17922.5,,11,157718,118288.5,197147.5,,,,,,
167,13347,10010.25,16683.75,,11,146817,110112.75,183521.25,,,,,,
168,12090,9067.5,15112.5,,11,132990,99742.5,166237.5,,,,,,
169,11436,8577,14295,,7,80052,60039,100065,,,,,,
170,10674,8005.5,13342.5,,7,74718,56038.5,93397.5,,,,,,
171,10277,7707.75,12846.25,,7,71939,53954.25,89923.75,,,,,,
172,10119,7589.25,12648.75,,7,70833,53124.75,88541.25,,,,,,
173,10157,7617.75,12696.25,,7,71099,53324.25,88873.75,,,,,,
174,10515,7886.25,13143.75,,7,73605,55203.75,92006.25,,,,,,
175,11684,8763,14605,,7,81788,61341,102235,,,,,,
176,13714,10285.5,17142.5,,7,95998,71998.5,119997.5,,,,,,
177,14938,11203.5,18672.5,,7,104566,78424.5,130707.5,,,,,,
178,15296,11472,19120,,7,107072,80304,133840,,,,,,
179,15461,11595.75,19326.25,,7,108227,81170.25,135283.75,,,,,,
180,15552,11664,19440,,7,108864,81648,136080,,,,,,
181,15439,11579.25,19298.75,,7,108073,81054.75,135091.25,,,,,,
182,15205,11403.75,19006.25,,7,106435,79826.25,133043.75,,,,,,
183,15042,11281.5,18802.5,,7,105294,78970.5,131617.5,,,,,,
184,14771,11078.25,18463.75,,7,103397,77547.75,129246.25,,,,,,
185,14550,10912.5,18187.5,,7,101850,76387.5,127312.5,,,,,,
186,14534,10900.5,18167.5,,7,101738,76303.5,127172.5,,,,,,
187,14748,11061,18435,,7,103236,77427,129045,,,,,,
188,14914,11185.5,18642.5,,7,104398,78298.5,130497.5,,,,,,
189,15733,11799.75,19666.25,,7,110131,82598.25,137663.75,,,,,,
190,15796,11847,19745,,7,110572,82929,138215,,,,,,
191,14848,11136,18560,,7,103936,77952,129920,,,,,,
192,13422,10066.5,16777.5,,7,93954,70465.5,117442.5,,,,,,
193,10919,8189.25,13648.75,,7,76433,57324.75,95541.25,,,,,,
194,10213,7659.75,12766.25,,7,71491,53618.25,89363.75,,,,,,
195,9858,7393.5,12322.5,,7,69006,51754.5,86257.5,,,,,,
196,9729,7296.75,12161.25,,7,68103,51077.25,85128.75,,,,,,
197,9740,7305,12175,,7,68180,51135,85225,,,,,,
198,10091,7568.25,12613.75,,7,70637,52977.75,88296.25,,,,,,
199,11226,8419.5,14032.5,,7,78582,58936.5,98227.5,,,,,,
200,13078,9808.5,16347.5,,7,91546,68659.5,114432.5,,,,,,
201,14343,10757.25,17928.75,,7,100401,75300.75,125501.25,,,,,,
202,14779,11084.25,18473.75,,7,103453,77589.75,129316.25,,,,,,
203,14985,11238.75,18731.25,,7,104895,78671.25,131118.75,,,,,,
204,15138,11353.5,18922.5,,7,105966,79474.5,132457.5,,,,,,
205,15137,11352.75,18921.25,,7,105959,79469.25,132448.75,,,,,,
206,15033,11274.75,18791.25,,7,105231,78923.25,131538.75,,,,,,
207,14918,11188.5,18647.5,,7,104426,78319.5,130532.5,,,,,,
208,14687,11015.25,18358.75,,7,102809,77106.75,128511.25,,,,,,
209,14515,10886.25,18143.75,,7,101605,76203.75,127006.25,,,,,,
210,14519,10889.25,18148.75,,7,101633,76224.75,127041.25,,,,,,
211,14700,11025,18375,,7,102900,77175,128625,,,,,,
212,14828,11121,18535,,7,103796,77847,129745,,,,,,
213,15444,11583,19305,,7,108108,81081,135135,,,,,,
214,15463,11597.25,19328.75,,7,108241,81180.75,135301.25,,,,,,
215,14413,10809.75,18016.25,,7,100891,75668.25,126113.75,,,,,,
216,12914,9685.5,16142.5,,7,90398,67798.5,112997.5,,,,,,
217,11209,8406.75,14011.25,,8,89672,67254,112090,,,,,,
218,10360,7770,12950,,8,82880,62160,103600,,,,,,
219,9874,7405.5,12342.5,,8,78992,59244,98740,,,,,,
220,9621,7215.75,12026.25,,8,76968,57726,96210,,,,,,
221,9579,7184.25,11973.75,,8,76632,57474,95790,,,,,,
222,9853,7389.75,12316.25,,8,78824,59118,98530,,,,,,
223,10736,8052,13420,,8,85888,64416,107360,,,,,,
224,12100,9075,15125,,8,96800,72600,121000,,,,,,
225,13371,10028.25,16713.75,,8,106968,80226,133710,,,,,,
226,13968,10476,17460,,8,111744,83808,139680,,,,,,
227,14344,10758,17930,,8,114752,86064,143440,,,,,,
228,14619,10964.25,18273.75,,8,116952,87714,146190,,,,,,
229,14746,11059.5,18432.5,,8,117968,88476,147460,,,,,,
230,14713,11034.75,18391.25,,8,117704,88278,147130,,,,,,
231,14721,11040.75,18401.25,,8,117768,88326,147210,,,,,,
232,14609,10956.75,18261.25,,8,116872,87654,146090,,,,,,
233,14477,10857.75,18096.25,,8,115816,86862,144770,,,,,,
234,14451,10838.25,18063.75,,8,115608,86706,144510,,,,,,
235,14397,10797.75,17996.25,,8,115176,86382,143970,,,,,,
236,14228,10671,17785,,8,113824,85368,142280,,,,,,
237,14512,10884,18140,,8,116096,87072,145120,,,,,,
238,14840,11130,18550,,8,118720,89040,148400,,,,,,
239,13944,10458,17430,,8,111552,83664,139440,,,,,,
240,12576,9432,15720,,8,100608,75456,125760,,,,,,
241,11737,8802.75,14671.25,,1,11737,8802.75,14671.25,,,,,,
242,10754,8065.5,13442.5,,1,10754,8065.5,13442.5,,,,,,
243,10226,7669.5,12782.5,,1,10226,7669.5,12782.5,,,,,,
244,9958,7468.5,12447.5,,1,9958,7468.5,12447.5,,,,,,
245,9865,7398.75,12331.25,,1,9865,7398.75,12331.25,,,,,,
246,10126,7594.5,12657.5,,1,10126,7594.5,12657.5,,,,,,
247,10852,8139,13565,,1,10852,8139,13565,,,,,,
248,12596,9447,15745,,1,12596,9447,15745,,,,,,
249,14059,10544.25,17573.75,,1,14059,10544.25,17573.75,,,,,,
250,14654,10990.5,18317.5,,1,14654,10990.5,18317.5,,,,,,
251,15005,11253.75,18756.25,,1,15005,11253.75,18756.25,,,,,,
252,15348,11511,19185,,1,15348,11511,19185,,,,,,
253,15520,11640,19400,,1,15520,11640,19400,,,,,,
254,15549,11661.75,19436.25,,1,15549,11661.75,19436.25,,,,,,
255,15595,11696.25,19493.75,,1,15595,11696.25,19493.75,,,,,,
256,15473,11604.75,19341.25,,1,15473,11604.75,19341.25,,,,,,
257,15376,11532,19220,,1,15376,11532,19220,,,,,,
258,15375,11531.25,19218.75,,1,15375,11531.25,19218.75,,,,,,
259,15328,11496,19160,,1,15328,11496,19160,,,,,,
260,15058,11293.5,18822.5,,1,15058,11293.5,18822.5,,,,,,
261,14943,11207.25,18678.75,,1,14943,11207.25,18678.75,,,,,,
262,15224,11418,19030,,1,15224,11418,19030,,,,,,
263,14687,11015.25,18358.75,,1,14687,11015.25,18358.75,,,,,,
264,13180,9885,16475,,1,13180,9885,16475,,,,,,
265,12237,9177.75,15296.25,,15,183555,137666.25,229443.75,,,,,,
266,11239,8429.25,14048.75,,15,168585,126438.75,210731.25,,,,,,
267,10638,7978.5,13297.5,,15,159570,119677.5,199462.5,,,,,,
268,10320,7740,12900,,15,154800,116100,193500,,,,,,
269,10206,7654.5,12757.5,,15,153090,114817.5,191362.5,,,,,,
270,10443,7832.25,13053.75,,15,156645,117483.75,195806.25,,,,,,
271,11098,8323.5,13872.5,,15,166470,124852.5,208087.5,,,,,,
272,12714,9535.5,15892.5,,15,190710,143032.5,238387.5,,,,,,
273,14337,10752.75,17921.25,,15,215055,161291.25,268818.75,,,,,,
274,15269,11451.75,19086.25,,15,229035,171776.25,286293.75,,,,,,
275,15853,11889.75,19816.25,,15,237795,178346.25,297243.75,,,,,,
276,16337,12252.75,20421.25,,15,245055,183791.25,306318.75,,,,,,
277,16670,12502.5,20837.5,,15,250050,187537.5,312562.5,,,,,,
278,16832,12624,21040,,15,252480,189360,315600,,,,,,
279,17041,12780.75,21301.25,,15,255615,191711.25,319518.75,,,,,,
280,17072,12804,21340,,15,256080,192060,320100,,,,,,
281,16997,12747.75,21246.25,,15,254955,191216.25,318693.75,,,,,,
282,16998,12748.5,21247.5,,15,254970,191227.5,318712.5,,,,,,
283,16951,12713.25,21188.75,,15,254265,190698.75,317831.25,,,,,,
284,16683,12512.25,20853.75,,15,250245,187683.75,312806.25,,,,,,
285,16483,12362.25,20603.75,,15,247245,185433.75,309056.25,,,,,,
286,16712,12534,20890,,15,250680,188010,313350,,,,,,
287,16371,12278.25,20463.75,,15,245565,184173.75,306956.25,,,,,,
288,14908,11181,18635,,15,223620,167715,279525,,,,,,
289,15617,11712.75,19521.25,,17,265489,199116.75,331861.25,,,,,,
290,14246,10684.5,17807.5,,17,242182,181636.5,302727.5,,,,,,
291,13360,10020,16700,,17,227120,170340,283900,,,,,,
292,12784,9588,15980,,17,217328,162996,271660,,,,,,
293,12481,9360.75,15601.25,,17,212177,159132.75,265221.25,,,,,,
294,12540,9405,15675,,17,213180,159885,266475,,,,,,
295,13048,9786,16310,,17,221816,166362,277270,,,,,,
296,14601,10950.75,18251.25,,17,248217,186162.75,310271.25,,,,,,
297,16446,12334.5,20557.5,,17,279582,209686.5,349477.5,,,,,,
298,17876,13407,22345,,17,303892,227919,379865,,,,,,
299,19077,14307.75,23846.25,,17,324309,243231.75,405386.25,,,,,,
300,20249,15186.75,25311.25,,17,344233,258174.75,430291.25,,,,,,
301,21149,15861.75,26436.25,,17,359533,269649.75,449416.25,,,,,,
302,21644,16233,27055,,17,367948,275961,459935,,,,,,
303,22173,16629.75,27716.25,,17,376941,282705.75,471176.25,,,,,,
304,22539,16904.25,28173.75,,17,383163,287372.25,478953.75,,,,,,
305,22768,17076,28460,,17,387056,290292,483820,,,,,,
306,22929,17196.75,28661.25,,17,389793,292344.75,487241.25,,,,,,
307,22733,17049.75,28416.25,,17,386461,289845.75,483076.25,,,,,,
308,22093,16569.75,27616.25,,17,375581,281685.75,469476.25,,,,,,
309,21097,15822.75,26371.25,,17,358649,268986.75,448311.25,,,,,,
310,20633,15474.75,25791.25,,17,350761,263070.75,438451.25,,,,,,
311,19899,14924.25,24873.75,,17,338283,253712.25,422853.75,,,,,,
312,18049,13536.75,22561.25,,17,306833,230124.75,383541.25,,,,,,
313,17908,13431,22385,,1,17908,13431,22385,,,,,,
314,16409,12306.75,20511.25,,1,16409,12306.75,20511.25,,,,,,
315,15441,11580.75,19301.25,,1,15441,11580.75,19301.25,,,,,,
316,14813,11109.75,18516.25,,1,14813,11109.75,18516.25,,,,,,
317,14438,10828.5,18047.5,,1,14438,10828.5,18047.5,,,,,,
318,14473,10854.75,18091.25,,1,14473,10854.75,18091.25,,,,,,
319,15060,11295,18825,,1,15060,11295,18825,,,,,,
320,16693,12519.75,20866.25,,1,16693,12519.75,20866.25,,,,,,
321,18825,14118.75,23531.25,,1,18825,14118.75,23531.25,,,,,,
322,20523,15392.25,25653.75,,1,20523,15392.25,25653.75,,,,,,
323,22027,16520.25,27533.75,,1,22027,16520.25,27533.75,,,,,,
324,23329,17496.75,29161.25,,1,23329,17496.75,29161.25,,,,,,
325,24247,18185.25,30308.75,,1,24247,18185.25,30308.75,,,,,,
326,24873,18654.75,31091.25,,1,24873,18654.75,31091.25,,,,,,
327,25429,19071.75,31786.25,,1,25429,19071.75,31786.25,,,,,,
328,25782,19336.5,32227.5,,1,25782,19336.5,32227.5,,,,,,
329,26025,19518.75,32531.25,,1,26025,19518.75,32531.25,,,,,,
330,26169,19626.75,32711.25,,1,26169,19626.75,32711.25,,,,,,
331,25955,19466.25,32443.75,,1,25955,19466.25,32443.75,,,,,,
332,25360,19020,31700,,1,25360,19020,31700,,,,,,
333,24557,18417.75,30696.25,,1,24557,18417.75,30696.25,,,,,,
334,24115,18086.25,30143.75,,1,24115,18086.25,30143.75,,,,,,
335,23228,17421,29035,,1,23228,17421,29035,,,,,,
336,21238,15928.5,26547.5,,1,21238,15928.5,26547.5,,,,,,
337,17331,12998.25,21663.75,,17,294627,220970.25,368283.75,,,,,,
338,15816,11862,19770,,17,268872,201654,336090,,,,,,
339,14824,11118,18530,,17,252008,189006,315010,,,,,,
340,14206,10654.5,17757.5,,17,241502,181126.5,301877.5,,,,,,
341,13880,10410,17350,,17,235960,176970,294950,,,,,,
342,13927,10445.25,17408.75,,17,236759,177569.25,295948.75,,,,,,
343,14572,10929,18215,,17,247724,185793,309655,,,,,,
344,15895,11921.25,19868.75,,17,270215,202661.25,337768.75,,,,,,
345,17670,13252.5,22087.5,,17,300390,225292.5,375487.5,,,,,,
346,19275,14456.25,24093.75,,17,327675,245756.25,409593.75,,,,,,
347,20736,15552,25920,,17,352512,264384,440640,,,,,,
348,22124,16593,27655,,17,376108,282081,470135,,,,,,
349,23160,17370,28950,,17,393720,295290,492150,,,,,,
350,23859,17894.25,29823.75,,17,405603,304202.25,507003.75,,,,,,
351,24465,18348.75,30581.25,,17,415905,311928.75,519881.25,,,,,,
352,24876,18657,31095,,17,422892,317169,528615,,,,,,
353,25033,18774.75,31291.25,,17,425561,319170.75,531951.25,,,,,,
354,25007,18755.25,31258.75,,17,425119,318839.25,531398.75,,,,,,
355,24683,18512.25,30853.75,,17,419611,314708.25,524513.75,,,,,,
356,23873,17904.75,29841.25,,17,405841,304380.75,507301.25,,,,,,
357,23055,17291.25,28818.75,,17,391935,293951.25,489918.75,,,,,,
358,22857,17142.75,28571.25,,17,388569,291426.75,485711.25,,,,,,
359,21979,16484.25,27473.75,,17,373643,280232.25,467053.75,,,,,,
360,20209,15156.75,25261.25,,17,343553,257664.75,429441.25,,,,,,
361,18350,13762.5,22937.5,,13,238550,178912.5,298187.5,,,,,,
362,16750,12562.5,20937.5,,13,217750,163312.5,272187.5,,,,,,
363,15706,11779.5,19632.5,,13,204178,153133.5,255222.5,,,,,,
364,14975,11231.25,18718.75,,13,194675,146006.25,243343.75,,,,,,
365,14480,10860,18100,,13,188240,141180,235300,,,,,,
366,14288,10716,17860,,13,185744,139308,232180,,,,,,
367,14359,10769.25,17948.75,,13,186667,140000.25,233333.75,,,,,,
368,14819,11114.25,18523.75,,13,192647,144485.25,240808.75,,,,,,
369,16161,12120.75,20201.25,,13,210093,157569.75,262616.25,,,,,,
370,17879,13409.25,22348.75,,13,232427,174320.25,290533.75,,,,,,
371,19553,14664.75,24441.25,,13,254189,190641.75,317736.25,,,,,,
372,20978,15733.5,26222.5,,13,272714,204535.5,340892.5,,,,,,
373,22048,16536,27560,,13,286624,214968,358280,,,,,,
374,22715,17036.25,28393.75,,13,295295,221471.25,369118.75,,,,,,
375,23076,17307,28845,,13,299988,224991,374985,,,,,,
376,23292,17469,29115,,13,302796,227097,378495,,,,,,
377,23314,17485.5,29142.5,,13,303082,227311.5,378852.5,,,,,,
378,23128,17346,28910,,13,300664,225498,375830,,,,,,
379,22693,17019.75,28366.25,,13,295009,221256.75,368761.25,,,,,,
380,21926,16444.5,27407.5,,13,285038,213778.5,356297.5,,,,,,
381,21169,15876.75,26461.25,,13,275197,206397.75,343996.25,,,,,,
382,21051,15788.25,26313.75,,13,273663,205247.25,342078.75,,,,,,
383,20272,15204,25340,,13,263536,197652,329420,,,,,,
384,18845,14133.75,23556.25,,13,244985,183738.75,306231.25,,,,,,
385,17061,12795.75,21326.25,,14,238854,179140.5,298567.5,,,,,,
386,15785,11838.75,19731.25,,14,220990,165742.5,276237.5,,,,,,
387,14978,11233.5,18722.5,,14,209692,157269,262115,,,,,,
388,14518,10888.5,18147.5,,14,203252,152439,254065,,,,,,
389,14290,10717.5,17862.5,,14,200060,150045,250075,,,,,,
390,14467,10850.25,18083.75,,14,202538,151903.5,253172.5,,,,,,
391,15199,11399.25,18998.75,,14,212786,159589.5,265982.5,,,,,,
392,16519,12389.25,20648.75,,14,231266,173449.5,289082.5,,,,,,
393,18333,13749.75,22916.25,,14,256662,192496.5,320827.5,,,,,,
394,19770,14827.5,24712.5,,14,276780,207585,345975,,,,,,
395,20800,15600,26000,,14,291200,218400,364000,,,,,,
396,21402,16051.5,26752.5,,14,299628,224721,374535,,,,,,
397,21864,16398,27330,,14,306096,229572,382620,,,,,,
398,22141,16605.75,27676.25,,14,309974,232480.5,387467.5,,,,,,
399,22413,16809.75,28016.25,,14,313782,235336.5,392227.5,,,,,,
400,22516,16887,28145,,14,315224,236418,394030,,,,,,
401,22558,16918.5,28197.5,,14,315812,236859,394765,,,,,,
402,22468,16851,28085,,14,314552,235914,393190,,,,,,
403,22078,16558.5,27597.5,,14,309092,231819,386365,,,,,,
404,21232,15924,26540,,14,297248,222936,371560,,,,,,
405,20336,15252,25420,,14,284704,213528,355880,,,,,,
406,20095,15071.25,25118.75,,14,281330,210997.5,351662.5,,,,,,
407,18973,14229.75,23716.25,,14,265622,199216.5,332027.5,,,,,,
408,17021,12765.75,21276.25,,14,238294,178720.5,297867.5,,,,,,
409,15349,11511.75,19186.25,,24,368376,276282,460470,,,,,,
410,14020,10515,17525,,24,336480,252360,420600,,,,,,
411,13176,9882,16470,,24,316224,237168,395280,,,,,,
412,12632,9474,15790,,24,303168,227376,378960,,,,,,
413,12363,9272.25,15453.75,,24,296712,222534,370890,,,,,,
414,12486,9364.5,15607.5,,24,299664,224748,374580,,,,,,
415,13176,9882,16470,,24,316224,237168,395280,,,,,,
416,14475,10856.25,18093.75,,24,347400,260550,434250,,,,,,
417,16216,12162,20270,,24,389184,291888,486480,,,,,,
418,17705,13278.75,22131.25,,24,424920,318690,531150,,,,,,
419,18961,14220.75,23701.25,,24,455064,341298,568830,,,,,,
420,20174,15130.5,25217.5,,24,484176,363132,605220,,,,,,
421,21080,15810,26350,,24,505920,379440,632400,,,,,,
422,21714,16285.5,27142.5,,24,521136,390852,651420,,,,,,
423,22297,16722.75,27871.25,,24,535128,401346,668910,,,,,,
424,22616,16962,28270,,24,542784,407088,678480,,,,,,
425,22770,17077.5,28462.5,,24,546480,409860,683100,,,,,,
426,22694,17020.5,28367.5,,24,544656,408492,680820,,,,,,
427,22359,16769.25,27948.75,,24,536616,402462,670770,,,,,,
428,21749,16311.75,27186.25,,24,521976,391482,652470,,,,,,
429,21217,15912.75,26521.25,,24,509208,381906,636510,,,,,,
430,21288,15966,26610,,24,510912,383184,638640,,,,,,
431,20256,15192,25320,,24,486144,364608,607680,,,,,,
432,18409,13806.75,23011.25,,24,441816,331362,552270,,,,,,
433,17371,13028.25,21713.75,,19,330049,247536.75,412561.25,,,,,,
434,16005,12003.75,20006.25,,19,304095,228071.25,380118.75,,,,,,
435,15164,11373,18955,,19,288116,216087,360145,,,,,,
436,14623,10967.25,18278.75,,19,277837,208377.75,347296.25,,,,,,
437,14376,10782,17970,,19,273144,204858,341430,,,,,,
438,14509,10881.75,18136.25,,19,275671,206753.25,344588.75,,,,,,
439,15278,11458.5,19097.5,,19,290282,217711.5,362852.5,,,,,,
440,16622,12466.5,20777.5,,19,315818,236863.5,394772.5,,,,,,
441,18358,13768.5,22947.5,,19,348802,261601.5,436002.5,,,,,,
442,19785,14838.75,24731.25,,19,375915,281936.25,469893.75,,,,,,
443,20946,15709.5,26182.5,,19,397974,298480.5,497467.5,,,,,,
444,21872,16404,27340,,19,415568,311676,519460,,,,,,
445,22479,16859.25,28098.75,,19,427101,320325.75,533876.25,,,,,,
446,22631,16973.25,28288.75,,19,429989,322491.75,537486.25,,,,,,
447,22491,16868.25,28113.75,,19,427329,320496.75,534161.25,,,,,,
448,22003,16502.25,27503.75,,19,418057,313542.75,522571.25,,,,,,
449,21374,16030.5,26717.5,,19,406106,304579.5,507632.5,,,,,,
450,20987,15740.25,26233.75,,19,398753,299064.75,498441.25,,,,,,
451,20542,15406.5,25677.5,,19,390298,292723.5,487872.5,,,,,,
452,19980,14985,24975,,19,379620,284715,474525,,,,,,
453,19583,14687.25,24478.75,,19,372077,279057.75,465096.25,,,,,,
454,19593,14694.75,24491.25,,19,372267,279200.25,465333.75,,,,,,
455,18858,14143.5,23572.5,,19,358302,268726.5,447877.5,,,,,,
456,17530,13147.5,21912.5,,19,333070,249802.5,416337.5,,,,,,
457,15683,11762.25,19603.75,,17,266611,199958.25,333263.75,,,,,,
458,14337,10752.75,17921.25,,17,243729,182796.75,304661.25,,,,,,
459,13503,10127.25,16878.75,,17,229551,172163.25,286938.75,,,,,,
460,12992,9744,16240,,17,220864,165648,276080,,,,,,
461,12756,9567,15945,,17,216852,162639,271065,,,,,,
462,12861,9645.75,16076.25,,17,218637,163977.75,273296.25,,,,,,
463,13635,10226.25,17043.75,,17,231795,173846.25,289743.75,,,,,,
464,14933,11199.75,18666.25,,17,253861,190395.75,317326.25,,,,,,
465,16372,12279,20465,,17,278324,208743,347905,,,,,,
466,17549,13161.75,21936.25,,17,298333,223749.75,372916.25,,,,,,
467,18627,13970.25,23283.75,,17,316659,237494.25,395823.75,,,,,,
468,19638,14728.5,24547.5,,17,333846,250384.5,417307.5,,,,,,
469,20350,15262.5,25437.5,,17,345950,259462.5,432437.5,,,,,,
470,20795,15596.25,25993.75,,17,353515,265136.25,441893.75,,,,,,
471,21223,15917.25,26528.75,,17,360791,270593.25,450988.75,,,,,,
472,21434,16075.5,26792.5,,17,364378,273283.5,455472.5,,,,,,
473,21527,16145.25,26908.75,,17,365959,274469.25,457448.75,,,,,,
474,21567,16175.25,26958.75,,17,366639,274979.25,458298.75,,,,,,
475,21349,16011.75,26686.25,,17,362933,272199.75,453666.25,,,,,,
476,20639,15479.25,25798.75,,17,350863,263147.25,438578.75,,,,,,
477,20011,15008.25,25013.75,,17,340187,255140.25,425233.75,,,,,,
478,19962,14971.5,24952.5,,17,339354,254515.5,424192.5,,,,,,
479,18818,14113.5,23522.5,,17,319906,239929.5,399882.5,,,,,,
480,17036,12777,21295,,17,289612,217209,362015,,,,,,
481,15589,11691.75,19486.25,,13,202657,151992.75,253321.25,,,,,,
482,14345,10758.75,17931.25,,13,186485,139863.75,233106.25,,,,,,
483,13539,10154.25,16923.75,,13,176007,132005.25,220008.75,,,,,,
484,13037,9777.75,16296.25,,13,169481,127110.75,211851.25,,,,,,
485,12757,9567.75,15946.25,,13,165841,124380.75,207301.25,,,,,,
486,12725,9543.75,15906.25,,13,165425,124068.75,206781.25,,,,,,
487,13081,9810.75,16351.25,,13,170053,127539.75,212566.25,,,,,,
488,13675,10256.25,17093.75,,13,177775,133331.25,222218.75,,,,,,
489,14668,11001,18335,,13,190684,143013,238355,,,,,,
490,16049,12036.75,20061.25,,13,208637,156477.75,260796.25,,,,,,
491,17239,12929.25,21548.75,,13,224107,168080.25,280133.75,,,,,,
492,18114,13585.5,22642.5,,13,235482,176611.5,294352.5,,,,,,
493,18599,13949.25,23248.75,,13,241787,181340.25,302233.75,,,,,,
494,18849,14136.75,23561.25,,13,245037,183777.75,306296.25,,,,,,
495,18883,14162.25,23603.75,,13,245479,184109.25,306848.75,,,,,,
496,18840,14130,23550,,13,244920,183690,306150,,,,,,
497,18790,14092.5,23487.5,,13,244270,183202.5,305337.5,,,,,,
498,18787,14090.25,23483.75,,13,244231,183173.25,305288.75,,,,,,
499,18767,14075.25,23458.75,,13,243971,182978.25,304963.75,,,,,,
500,18781,14085.75,23476.25,,13,244153,183114.75,305191.25,,,,,,
501,18895,14171.25,23618.75,,13,245635,184226.25,307043.75,,,,,,
502,18340,13755,22925,,13,238420,178815,298025,,,,,,
503,17233,12924.75,21541.25,,13,224029,168021.75,280036.25,,,,,,
504,15691,11768.25,19613.75,,13,203983,152987.25,254978.75,,,,,,
505,11499,8624.25,14373.75,,10,114990,86242.5,143737.5,,,,,,
506,10616,7962,13270,,10,106160,79620,132700,,,,,,
507,10124,7593,12655,,10,101240,75930,126550,,,,,,
508,9860,7395,12325,,10,98600,73950,123250,,,,,,
509,9791,7343.25,12238.75,,10,97910,73432.5,122387.5,,,,,,
510,10035,7526.25,12543.75,,10,100350,75262.5,125437.5,,,,,,
511,11010,8257.5,13762.5,,10,110100,82575,137625,,,,,,
512,12844,9633,16055,,10,128440,96330,160550,,,,,,
513,13961,10470.75,17451.25,,10,139610,104707.5,174512.5,,,,,,
514,14484,10863,18105,,10,144840,108630,181050,,,,,,
515,14835,11126.25,18543.75,,10,148350,111262.5,185437.5,,,,,,
516,15128,11346,18910,,10,151280,113460,189100,,,,,,
517,15246,11434.5,19057.5,,10,152460,114345,190575,,,,,,
518,15264,11448,19080,,10,152640,114480,190800,,,,,,
519,15295,11471.25,19118.75,,10,152950,114712.5,191187.5,,,,,,
520,15227,11420.25,19033.75,,10,152270,114202.5,190337.5,,,,,,
521,15127,11345.25,18908.75,,10,151270,113452.5,189087.5,,,,,,
522,15081,11310.75,18851.25,,10,150810,113107.5,188512.5,,,,,,
523,14975,11231.25,18718.75,,10,149750,112312.5,187187.5,,,,,,
524,15013,11259.75,18766.25,,10,150130,112597.5,187662.5,,,,,,
525,15468,11601,19335,,10,154680,116010,193350,,,,,,
526,14962,11221.5,18702.5,,10,149620,112215,187025,,,,,,
527,14019,10514.25,17523.75,,10,140190,105142.5,175237.5,,,,,,
528,12798,9598.5,15997.5,,10,127980,95985,159975,,,,,,
529,11271,8453.25,14088.75,,12,135252,101439,169065,,,,,,
530,10423,7817.25,13028.75,,12,125076,93807,156345,,,,,,
531,9969,7476.75,12461.25,,12,119628,89721,149535,,,,,,
532,9727,7295.25,12158.75,,12,116724,87543,145905,,,,,,
533,9685,7263.75,12106.25,,12,116220,87165,145275,,,,,,
534,9957,7467.75,12446.25,,12,119484,89613,149355,,,,,,
535,11000,8250,13750,,12,132000,99000,165000,,,,,,
536,12936,9702,16170,,12,155232,116424,194040,,,,,,
537,14054,10540.5,17567.5,,12,168648,126486,210810,,,,,,
538,14464,10848,18080,,12,173568,130176,216960,,,,,,
539,14772,11079,18465,,12,177264,132948,221580,,,,,,
540,15104,11328,18880,,12,181248,135936,226560,,,,,,
541,15250,11437.5,19062.5,,12,183000,137250,228750,,,,,,
542,15275,11456.25,19093.75,,12,183300,137475,229125,,,,,,
543,15371,11528.25,19213.75,,12,184452,138339,230565,,,,,,
544,15330,11497.5,19162.5,,12,183960,137970,229950,,,,,,
545,15279,11459.25,19098.75,,12,183348,137511,229185,,,,,,
546,15353,11514.75,19191.25,,12,184236,138177,230295,,,,,,
547,15421,11565.75,19276.25,,12,185052,138789,231315,,,,,,
548,15708,11781,19635,,12,188496,141372,235620,,,,,,
549,16216,12162,20270,,12,194592,145944,243240,,,,,,
550,15520,11640,19400,,12,186240,139680,232800,,,,,,
551,14351,10763.25,17938.75,,12,172212,129159,215265,,,,,,
552,12836,9627,16045,,12,154032,115524,192540,,,,,,
553,11127,8345.25,13908.75,,13,144651,108488.25,180813.75,,,,,,
554,10346,7759.5,12932.5,,13,134498,100873.5,168122.5,,,,,,
555,9955,7466.25,12443.75,,13,129415,97061.25,161768.75,,,,,,
556,9767,7325.25,12208.75,,13,126971,95228.25,158713.75,,,,,,
557,9767,7325.25,12208.75,,13,126971,95228.25,158713.75,,,,,,
558,10077,7557.75,12596.25,,13,131001,98250.75,163751.25,,,,,,
559,11168,8376,13960,,13,145184,108888,181480,,,,,,
560,13241,9930.75,16551.25,,13,172133,129099.75,215166.25,,,,,,
561,14447,10835.25,18058.75,,13,187811,140858.25,234763.75,,,,,,
562,14931,11198.25,18663.75,,13,194103,145577.25,242628.75,,,,,,
563,15311,11483.25,19138.75,,13,199043,149282.25,248803.75,,,,,,
564,15634,11725.5,19542.5,,13,203242,152431.5,254052.5,,,,,,
565,15766,11824.5,19707.5,,13,204958,153718.5,256197.5,,,,,,
566,15744,11808,19680,,13,204672,153504,255840,,,,,,
567,15753,11814.75,19691.25,,13,204789,153591.75,255986.25,,,,,,
568,15611,11708.25,19513.75,,13,202943,152207.25,253678.75,,,,,,
569,15499,11624.25,19373.75,,13,201487,151115.25,251858.75,,,,,,
570,15588,11691,19485,,13,202644,151983,253305,,,,,,
571,16060,12045,20075,,13,208780,156585,260975,,,,,,
572,16849,12636.75,21061.25,,13,219037,164277.75,273796.25,,,,,,
573,16616,12462,20770,,13,216008,162006,270010,,,,,,
574,15818,11863.5,19772.5,,13,205634,154225.5,257042.5,,,,,,
575,14589,10941.75,18236.25,,13,189657,142242.75,237071.25,,,,,,
576,13082,9811.5,16352.5,,13,170066,127549.5,212582.5,,,,,,
577,11732,8799,14665,,11,129052,96789,161315,,,,,,
578,10861,8145.75,13576.25,,11,119471,89603.25,149338.75,,,,,,
579,10327,7745.25,12908.75,,11,113597,85197.75,141996.25,,,,,,
580,10050,7537.5,12562.5,,11,110550,82912.5,138187.5,,,,,,
581,9932,7449,12415,,11,109252,81939,136565,,,,,,
582,10013,7509.75,12516.25,,11,110143,82607.25,137678.75,,,,,,
583,10414,7810.5,13017.5,,11,114554,85915.5,143192.5,,,,,,
584,11236,8427,14045,,11,123596,92697,154495,,,,,,
585,12097,9072.75,15121.25,,11,133067,99800.25,166333.75,,,,,,
586,12966,9724.5,16207.5,,11,142626,106969.5,178282.5,,,,,,
587,13584,10188,16980,,11,149424,112068,186780,,,,,,
588,13771,10328.25,17213.75,,11,151481,113610.75,189351.25,,,,,,
589,13707,10280.25,17133.75,,11,150777,113082.75,188471.25,,,,,,
590,13532,10149,16915,,11,148852,111639,186065,,,,,,
591,13295,9971.25,16618.75,,11,146245,109683.75,182806.25,,,,,,
592,13108,9831,16385,,11,144188,108141,180235,,,,,,
593,13033,9774.75,16291.25,,11,143363,107522.25,179203.75,,,,,,
594,13348,10011,16685,,11,146828,110121,183535,,,,,,
595,14218,10663.5,17772.5,,11,156398,117298.5,195497.5,,,,,,
596,14981,11235.75,18726.25,,11,164791,123593.25,205988.75,,,,,,
597,14667,11000.25,18333.75,,11,161337,121002.75,201671.25,,,,,,
598,14240,10680,17800,,11,156640,117480,195800,,,,,,
599,13591,10193.25,16988.75,,11,149501,112125.75,186876.25,,,,,,
600,12701,9525.75,15876.25,,11,139711,104783.25,174638.75,,,,,,
601,12777,9582.75,15971.25,,14,178878,134158.5,223597.5,,,,,,
602,11931,8948.25,14913.75,,14,167034,125275.5,208792.5,,,,,,
603,11489,8616.75,14361.25,,14,160846,120634.5,201057.5,,,,,,
604,11336,8502,14170,,14,158704,119028,198380,,,,,,
605,11363,8522.25,14203.75,,14,159082,119311.5,198852.5,,,,,,
606,11747,8810.25,14683.75,,14,164458,123343.5,205572.5,,,,,,
607,12953,9714.75,16191.25,,14,181342,136006.5,226677.5,,,,,,
608,14980,11235,18725,,14,209720,157290,262150,,,,,,
609,15959,11969.25,19948.75,,14,223426,167569.5,279282.5,,,,,,
610,16068,12051,20085,,14,224952,168714,281190,,,,,,
611,15967,11975.25,19958.75,,14,223538,167653.5,279422.5,,,,,,
612,15861,11895.75,19826.25,,14,222054,166540.5,277567.5,,,,,,
613,15677,11757.75,19596.25,,14,219478,164608.5,274347.5,,,,,,
614,15497,11622.75,19371.25,,14,216958,162718.5,271197.5,,,,,,
615,15376,11532,19220,,14,215264,161448,269080,,,,,,
616,15229,11421.75,19036.25,,14,213206,159904.5,266507.5,,,,,,
617,15352,11514,19190,,14,214928,161196,268660,,,,,,
618,16560,12420,20700,,14,231840,173880,289800,,,,,,
619,17587,13190.25,21983.75,,14,246218,184663.5,307772.5,,,,,,
620,17507,13130.25,21883.75,,14,245098,183823.5,306372.5,,,,,,
621,17089,12816.75,21361.25,,14,239246,179434.5,299057.5,,,,,,
622,16432,12324,20540,,14,230048,172536,287560,,,,,,
623,15388,11541,19235,,14,215432,161574,269290,,,,,,
624,13967,10475.25,17458.75,,14,195538,146653.5,244422.5,,,,,,
625,12417,9312.75,15521.25,,9,111753,83814.75,139691.25,,,,,,
626,11442,8581.5,14302.5,,9,102978,77233.5,128722.5,,,,,,
627,10875,8156.25,13593.75,,9,97875,73406.25,122343.75,,,,,,
628,10565,7923.75,13206.25,,9,95085,71313.75,118856.25,,,,,,
629,10455,7841.25,13068.75,,9,94095,70571.25,117618.75,,,,,,
630,10572,7929,13215,,9,95148,71361,118935,,,,,,
631,11084,8313,13855,,9,99756,74817,124695,,,,,,
632,11841,8880.75,14801.25,,9,106569,79926.75,133211.25,,,,,,
633,12772,9579,15965,,9,114948,86211,143685,,,,,,
634,13820,10365,17275,,9,124380,93285,155475,,,,,,
635,14489,10866.75,18111.25,,9,130401,97800.75,163001.25,,,,,,
636,14782,11086.5,18477.5,,9,133038,99778.5,166297.5,,,,,,
637,14773,11079.75,18466.25,,9,132957,99717.75,166196.25,,,,,,
638,14260,10695,17825,,9,128340,96255,160425,,,,,,
639,13428,10071,16785,,9,120852,90639,151065,,,,,,
640,12692,9519,15865,,9,114228,85671,142785,,,,,,
641,12329,9246.75,15411.25,,9,110961,83220.75,138701.25,,,,,,
642,12798,9598.5,15997.5,,9,115182,86386.5,143977.5,,,,,,
643,13350,10012.5,16687.5,,9,120150,90112.5,150187.5,,,,,,
644,13354,10015.5,16692.5,,9,120186,90139.5,150232.5,,,,,,
645,13322,9991.5,16652.5,,9,119898,89923.5,149872.5,,,,,,
646,13257,9942.75,16571.25,,9,119313,89484.75,149141.25,,,,,,
647,12904,9678,16130,,9,116136,87102,145170,,,,,,
648,12329,9246.75,15411.25,,9,110961,83220.75,138701.25,,,,,,
649,12869,9651.75,16086.25,,8,102952,77214,128690,,,,,,
650,11822,8866.5,14777.5,,8,94576,70932,118220,,,,,,
651,11200,8400,14000,,8,89600,67200,112000,,,,,,
652,10854,8140.5,13567.5,,8,86832,65124,108540,,,,,,
653,10713,8034.75,13391.25,,8,85704,64278,107130,,,,,,
654,10801,8100.75,13501.25,,8,86408,64806,108010,,,,,,
655,11232,8424,14040,,8,89856,67392,112320,,,,,,
656,12066,9049.5,15082.5,,8,96528,72396,120660,,,,,,
657,13068,9801,16335,,8,104544,78408,130680,,,,,,
658,14179,10634.25,17723.75,,8,113432,85074,141790,,,,,,
659,14924,11193,18655,,8,119392,89544,149240,,,,,,
660,15269,11451.75,19086.25,,8,122152,91614,152690,,,,,,
661,15293,11469.75,19116.25,,8,122344,91758,152930,,,,,,
662,15136,11352,18920,,8,121088,90816,151360,,,,,,
663,14906,11179.5,18632.5,,8,119248,89436,149060,,,,,,
664,14807,11105.25,18508.75,,8,118456,88842,148070,,,,,,
665,14998,11248.5,18747.5,,8,119984,89988,149980,,,,,,
666,16155,12116.25,20193.75,,8,129240,96930,161550,,,,,,
667,16773,12579.75,20966.25,,8,134184,100638,167730,,,,,,
668,16461,12345.75,20576.25,,8,131688,98766,164610,,,,,,
669,15926,11944.5,19907.5,,8,127408,95556,159260,,,,,,
670,15383,11537.25,19228.75,,8,123064,92298,153830,,,,,,
671,14613,10959.75,18266.25,,8,116904,87678,146130,,,,,,
672,13563,10172.25,16953.75,,8,108504,81378,135630,,,,,,
673,12359,9269.25,15448.75,,1,12359,9269.25,15448.75,,,,,,
674,11386,8539.5,14232.5,,1,11386,8539.5,14232.5,,,,,,
675,10792,8094,13490,,1,10792,8094,13490,,,,,,
676,10478,7858.5,13097.5,,1,10478,7858.5,13097.5,,,,,,
677,10340,7755,12925,,1,10340,7755,12925,,,,,,
678,10407,7805.25,13008.75,,1,10407,7805.25,13008.75,,,,,,
679,10719,8039.25,13398.75,,1,10719,8039.25,13398.75,,,,,,
680,11321,8490.75,14151.25,,1,11321,8490.75,14151.25,,,,,,
681,11981,8985.75,14976.25,,1,11981,8985.75,14976.25,,,,,,
682,12970,9727.5,16212.5,,1,12970,9727.5,16212.5,,,,,,
683,13741,10305.75,17176.25,,1,13741,10305.75,17176.25,,,,,,
684,14132,10599,17665,,1,14132,10599,17665,,,,,,
685,14350,10762.5,17937.5,,1,14350,10762.5,17937.5,,,,,,
686,14437,10827.75,18046.25,,1,14437,10827.75,18046.25,,,,,,
687,14352,10764,17940,,1,14352,10764,17940,,,,,,
688,14276,10707,17845,,1,14276,10707,17845,,,,,,
689,14660,10995,18325,,1,14660,10995,18325,,,,,,
690,16391,12293.25,20488.75,,1,16391,12293.25,20488.75,,,,,,
691,17344,13008,21680,,1,17344,13008,21680,,,,,,
692,17255,12941.25,21568.75,,1,17255,12941.25,21568.75,,,,,,
693,16845,12633.75,21056.25,,1,16845,12633.75,21056.25,,,,,,
694,16178,12133.5,20222.5,,1,16178,12133.5,20222.5,,,,,,
695,15081,11310.75,18851.25,,1,15081,11310.75,18851.25,,,,,,
696,13638,10228.5,17047.5,,1,13638,10228.5,17047.5,,,,,,
697,13303,9977.25,16628.75,,19,252757,189567.75,315946.25,,,,,,
698,12191,9143.25,15238.75,,19,231629,173721.75,289536.25,,,,,,
699,11649,8736.75,14561.25,,19,221331,165998.25,276663.75,,,,,,
700,11347,8510.25,14183.75,,19,215593,161694.75,269491.25,,,,,,
701,11267,8450.25,14083.75,,19,214073,160554.75,267591.25,,,,,,
702,11560,8670,14450,,19,219640,164730,274550,,,,,,
703,12672,9504,15840,,19,240768,180576,300960,,,,,,
704,14721,11040.75,18401.25,,19,279699,209774.25,349623.75,,,,,,
705,16006,12004.5,20007.5,,19,304114,228085.5,380142.5,,,,,,
706,16226,12169.5,20282.5,,19,308294,231220.5,385367.5,,,,,,
707,16320,12240,20400,,19,310080,232560,387600,,,,,,
708,16403,12302.25,20503.75,,19,311657,233742.75,389571.25,,,,,,
709,16376,12282,20470,,19,311144,233358,388930,,,,,,
710,16206,12154.5,20257.5,,19,307914,230935.5,384892.5,,,,,,
711,16136,12102,20170,,19,306584,229938,383230,,,,,,
712,16017,12012.75,20021.25,,19,304323,228242.25,380403.75,,,,,,
713,16205,12153.75,20256.25,,19,307895,230921.25,384868.75,,,,,,
714,17481,13110.75,21851.25,,19,332139,249104.25,415173.75,,,,,,
715,18436,13827,23045,,19,350284,262713,437855,,,,,,
716,18299,13724.25,22873.75,,19,347681,260760.75,434601.25,,,,,,
717,17881,13410.75,22351.25,,19,339739,254804.25,424673.75,,,,,,
718,17194,12895.5,21492.5,,19,326686,245014.5,408357.5,,,,,,
719,16062,12046.5,20077.5,,19,305178,228883.5,381472.5,,,,,,
720,14480,10860,18100,,19,275120,206340,343900,,,,,,