Gas-z1,Gas-z2,Gas turbine-z1,Gas turbine-z2,Wind-z1,Wind-z2,Solar-z1,Solar-z2,Nuclear-z1,Nuclear-z2,Coal-z1,Coal-z2,Battery-z1,Index,Investment_Cost,EV_SystemCost,CVaR_SystemCost,CVaR_OpCost,EV_OpCost,Expected_Power_Price,Cost_by_zone_baseZone1,Price_by_zone_baseZone1,Cost_by_zone_baseZone2,Price_by_zone_baseZone2,Expected_emissions,CO2_by_zone_baseZone1,CO2_by_zone_baseZone2
1.0e-5,1.0e-5,15353.651396009273,1.0e-5,1.0e-5,1.0e-5,32955.749845966464,1.0e-5,1.0e-5,14077.101071267221,1.0e-5,1.0e-5,1.0e-5,Sample 1,3.650575719235093e9,7.8985704150347e9,1.5333044713907259e10,1.9116943293544724e10,4.2479946957996073e9,158.84597222222226,2.0136433498959368e8,159.02319444444447,7.477209045136018e7,158.66875,1.7189461995537024e7,1.7189461927217737e7,0.06831930000000008
1.0e-5,1.0e-5,2781.3876902483803,10513.005579849892,1.0e-5,1.0e-5,3304.8424880848956,1.0e-5,6629.426590499278,13679.625642314573,1.0e-5,1.0e-5,1.0e-5,Sample 2,3.5182840768222237e9,6.574618168540542e9,1.135259998631599e10,1.2612297727269213e10,3.056334091718318e9,92.13097222222224,1.4112876608387792e8,164.6802777777778,4.982916243443742e7,19.581666666666674,1.0998106668919526e7,5.193057877043134e6,5.805048791876419e6
1.0e-5,1.0e-5,5645.370860671167,12244.373411548355,9907.340922387983,1.0e-5,16367.866892521375,1.0e-5,1.0e-5,12112.63041326864,1.0e-5,1.0e-5,900.0065849840754,Sample 3,3.32436938142286e9,6.053562829102203e9,9.465468668791193e9,9.553005127057323e9,2.729193447679343e9,60.60592614597777,9.877679615949824e7,100.11928271497588,6.5384327424787104e7,21.092569576979624,1.480541744236172e7,5.923587141551397e6,8.881830300810404e6
1.0e-5,1.0e-5,10703.269340386454,2100.815819210551,3435.7906490987625,1.0e-5,12391.79318771916,1.0e-5,1.0e-5,16578.486919437873,1.0e-5,1.0e-5,3059.7198684712516,Sample 4,3.524697550141698e9,5.16323413086069e9,7.505198729267295e9,6.322465777532202e9,1.638536580718992e9,44.30951488867884,7.0126685770053e7,45.72204716656166,4.1246807478018306e7,42.896982610796044,1.1697128186596945e7,9.590158717069209e6,2.106969469527757e6
1.0e-5,1.0e-5,5735.783619149136,9582.953152461025,20505.426686345807,1.0e-5,15769.44154152093,1.0e-5,1.0e-5,7109.422745735965,1.0e-5,6923.071816325984,1.0e-5,Sample 5,3.5799039812941713e9,4.864086161315043e9,6.165837255808483e9,3.887684369007752e9,1.2841821800208724e9,25.269236111111113,2.944963627903263e7,35.574305555555554,5.202274874527967e7,14.96416666666667,2.7789700568138298e7,2.9359883255482796e6,2.4853712242590003e7
1.0e-5,1.0e-5,7707.888095313582,12107.476058803213,23990.43650881487,1.0e-5,12649.793445779698,1.0e-5,2042.812490835446,7457.61933732813,1.0e-5,1.0e-5,1.0e-5,Sample 6,3.4348474480530066e9,4.520214116854475e9,5.319591645747461e9,2.684121726587441e9,1.085366668801468e9,17.929444444444453,3.1677484298593033e7,17.926388888888894,4.252799960632026e7,17.93250000000001,1.2055532627514046e7,5.527396280816879e6,6.5281363466971945e6
9802.49568056061,1.0e-5,1.0e-5,3045.472106226312,18831.59131571117,1.0e-5,1.0e-5,1.0e-5,1.0e-5,18954.81913833288,1.0e-5,2280.7672912556523,1.0e-5,Sample 7,4.315094158307153e9,4.938473194031444e9,5.40054248877144e9,1.547517625204283e9,6.233790357242908e8,9.506597222222224,2.300095770670355e7,14.715833333333338,1.9326584950377483e7,4.297361111111114,5.9637987815305125e6,4.291341470775107e6,1.6724573107553995e6
4068.172247268997,1.0e-5,1.0e-5,12268.358793800906,32869.328193899695,1.0e-5,16183.37369084401,1.0e-5,1163.6183080214216,10188.379722137868,1.0e-5,1978.498113117948,1.0e-5,Sample 8,4.335365642612427e9,4.802921420329359e9,5.28013837433302e9,1.421989685724254e9,4.675557777169322e8,9.536388888888895,1.3270136897946136e7,12.17097222222222,1.6127281319267258e7,6.901805555555558,6.641846807768351e6,2.0961032318213882e6,4.545743575946958e6
9703.86392953778,1.0e-5,1.0e-5,1.0e-5,23621.396439544096,1.0e-5,1.0e-5,1.0e-5,9483.050181522238,4501.525256584722,1.0e-5,4962.6475354069225,6142.516011724262,Sample 9,4.2275713560409503e9,4.959126109904556e9,5.864963457460799e9,2.543229448976092e9,7.315547538636055e8,17.65469119596724,2.5668441783008106e7,17.654691195967242,2.088774067212485e7,17.654691195967242,1.3429825587349445e7,2.98645989090156e6,1.0443365696447892e7
1.0e-5,1.0e-5,15142.778228051719,479.8346418643158,12450.636027958695,1.0e-5,22332.15466026491,1.0e-5,1.0e-5,18192.10663223139,1.0e-5,1.0e-5,1.0e-5,Sample 10,4.438595723966581e9,4.9119984819869375e9,5.259857189617536e9,1.1691201732815516e9,4.734027580203564e8,7.742569444444442,1.7475409291304495e7,8.614861111111114,1.6168121138781924e7,6.87027777777778,3.5995425130935693e6,3.4323204028904703e6,167222.11020309254
1.0e-5,1.0e-5,10355.81060478772,9989.082256596994,49926.938378981686,1.0e-5,17390.735928376835,1.0e-5,1.0e-5,5090.453496273791,1.0e-5,1.0e-5,1.0e-5,Sample 11,4.0554245120369205e9,4.797139557240859e9,5.3317214131700535e9,1.8108787570623274e9,7.417150452039381e8,11.285138888888893,2.460162135367996e7,11.225972222222229,2.4179988092749514e7,11.34430555555556,8.741748903723016e6,4.749261853522995e6,3.992487050200023e6
4037.406427508203,1.0e-5,5202.845817431223,8620.939200668012,22100.16246941595,1.0e-5,1.0e-5,1.0e-5,1.0e-5,14421.630816920513,1.0e-5,1.0e-5,2611.8124575274783,Sample 12,3.750941240545288e9,4.619705588994532e9,5.19014831658985e9,2.0096498036398804e9,8.687643484492432e8,13.62664851873556,3.1777202260481846e7,14.098493497122455,2.7706114372414045e7,13.154803540348665,8.987147605479334e6,6.204169744469046e6,2.782977861010272e6
8538.488145705289,1.0e-5,1.0e-5,1.0e-5,10511.817359710152,1.0e-5,1.0e-5,1.0e-5,5797.026413135108,15380.380875201425,1.0e-5,4275.537142641146,1.0e-5,Sample 13,4.35842850776064e9,4.897139012954205e9,5.346607625254615e9,1.437647729794386e9,5.387105051935642e8,9.882569444444446,1.4022918541119121e7,10.046111111111111,2.41111759560471e7,9.719027777777779,7.201558417942341e6,1.3847623110997034e6,5.816796106842636e6
13692.470328490668,1.0e-5,1.0e-5,1.0e-5,18505.976800147877,1.0e-5,7415.306471769816,1.0e-5,1.0e-5,13423.869348793198,1.0e-5,5423.661258000823,1.0e-5,Sample 14,4.1097743192043004e9,4.728546206820959e9,5.135730982630181e9,1.4331414392351031e9,6.187718876166582e8,9.720347222222225,1.3903615811602902e7,10.188055555555557,2.9107443303184662e7,9.252638888888894,1.4580605846603129e7,3.032958148724568e6,1.1547647697878564e7
1.0e-5,1.0e-5,6010.568479357831,6727.049732027928,22776.33391447305,1.0e-5,9842.841103145152,1.0e-5,1247.394364515803,17077.323250797454,1.0e-5,1.0e-5,2184.888107551636,Sample 15,4.477414269103407e9,4.822091382924935e9,5.104351078772852e9,9.091965055173627e8,3.446771138215283e8,5.777343774837221,6.13747987491109e6,5.809445140936781,1.6882639910440743e7,5.745242408737663,2.249621536214037e6,1.2017197483161865e6,1.0479017878978521e6
2386.2247708541718,1.0e-5,4884.009353095654,11501.881010873072,23726.108894610006,1.0e-5,16201.584539118932,1.0e-5,1.0e-5,11800.739885458968,1.0e-5,1.0e-5,1.0e-5,Sample 16,3.874144762010608e9,4.562223964353208e9,5.114931092260105e9,1.793493458156395e9,6.880792023425994e8,11.570069444444451,2.1162443869522136e7,12.341388888888895,2.4970327420734864e7,10.798750000000004,7.095843064434652e6,3.94525980826687e6,3.1505832561677704e6
2904.908700495895,1.0e-5,6250.404368131351,6745.88098870933,21884.23446605156,1.0e-5,8399.290379659868,1.0e-5,1.0e-5,15204.2861471626,1.0e-5,1.0e-5,1.0e-5,Sample 17,3.961954368221688e9,4.555980228621901e9,5.04077604327457e9,1.5636174897055523e9,5.940258604002131e8,10.479305555555563,1.974463467577478e7,10.490972222222226,2.019226453111074e7,10.467638888888894,5.483410200085799e6,4.037960331210396e6,1.445449868875399e6
5334.817667038543,1.0e-5,1.0e-5,8380.758662366237,21255.598745970052,1.0e-5,15635.244637378522,1.0e-5,1.0e-5,12525.884525738104,1.0e-5,640.0301270159441,5036.331762433519,Sample 18,4.0128642478982925e9,4.628536049524018e9,5.293094647771676e9,1.9447889981210399e9,6.156718016257261e8,13.822565084604086,1.930442457930352e7,14.10356334022266,2.072755167478785e7,13.541566828985522,6.753585835275914e6,3.6436043865567823e6,3.1099814487191215e6
1.0e-5,1.0e-5,8499.581160235824,6030.351574724614,16412.910830089884,1.0e-5,12852.466713624473,1.0e-5,1.0e-5,14385.646835412577,1.0e-5,1493.358455343687,2788.8722105804504,Sample 19,3.9490070370027423e9,4.578930985156742e9,5.079911631384416e9,1.6318852406093478e9,6.299239481539993e8,11.144322086746488,1.3423117825160932e7,11.174472997269488,2.968863991846529e7,11.11417117622349,8.371865426023273e6,2.8276407525458857e6,5.544224673477401e6
5221.925694127087,1.0e-5,2333.88344089582,6610.560076720546,19948.64998044598,1.0e-5,18448.195948186592,1.0e-5,1.0e-5,14561.037033999519,1.0e-5,514.5691243236661,1818.920193130838,Sample 20,4.2210664362145386e9,4.681002637559009e9,5.104057071813345e9,1.3060450698531415e9,4.5993620134447026e8,8.682011682797734,1.4394027543741085e7,8.684689408275574,1.633171638692399e7,8.679333957319892,4.557915794232224e6,2.9117193570222496e6,1.646196437209967e6
4638.871503560371,1.0e-5,3846.0837617928055,8205.77980905687,23651.70371028647,1.0e-5,13879.838216015209,1.0e-5,1.0e-5,12621.427019266268,1.0e-5,1762.211200398267,199.96109736469873,Sample 21,4.060510940229823e9,4.603928764834917e9,5.0248965877517605e9,1.385353470438782e9,5.43417824605094e8,9.200364966435625,1.6917558008192156e7,9.197010299768957,1.957932631442714e7,9.203719633102294,8.080214587021653e6,3.4459994861377776e6,4.634215100883881e6
5276.6569663681,1.0e-5,2935.5645081040175,4685.836527350214,19024.63629718975,1.0e-5,4397.091791532615,1.0e-5,1.0e-5,17092.13911881263,1.0e-5,1.0e-5,3400.194233992121,Sample 22,4.0644765636512403e9,4.660223806238826e9,5.240297010859978e9,1.7558936518298888e9,5.957472425875852e8,12.1131637784079,1.9539688546003684e7,12.555399899516914,2.012734725939222e7,11.670927657298895,4.706977775042889e6,3.86927703167845e6,837700.743364428
617.7735727586452,1.0e-5,5085.331097952577,6654.716910918691,19577.93874719192,1.0e-5,5855.106207781443,1.0e-5,1362.534463962698,14351.047781294872,1.0e-5,2592.867932208143,2589.920876823799,Sample 23,4.087880750288757e9,4.650044706355187e9,5.145763354022616e9,1.5536012514012892e9,5.621639560664306e8,10.679887734257514,1.0989687256895818e7,11.962802399201856,2.6594958575078614e7,9.39697306931317,8.261496271172886e6,1.9461605485008843e6,6.315335722671994e6
3215.7730078586715,1.0e-5,3361.782974103795,7153.7831296842705,20824.526733312225,1.0e-5,8441.80582898235,1.0e-5,1.0e-5,15779.185337839333,1.0e-5,1.0e-5,3420.1213860085713,Sample 24,4.083579180175776e9,4.61890665223707e9,5.076144470805922e9,1.4498031091989973e9,5.3532747206129414e8,9.838859280004206,1.5252701343340317e7,10.20150554270112,2.039225546581887e7,9.476213017307291,4.607724764927646e6,3.1148719684246387e6,1.492852796502982e6
3052.6094237050493,1.0e-5,4336.099782604994,6335.536875799873,17307.86651241881,1.0e-5,2979.1747693356215,1.0e-5,2219.3374869061745,16272.284318867009,1.0e-5,1.0e-5,1512.8774048384678,Sample 25,4.076413134361552e9,4.63592679708554e9,5.062282621919406e9,1.412225312391719e9,5.595136627239884e8,9.843636022894353,1.6877423649379767e7,9.855768978155853,2.153703091936158e7,9.83150306763285,4.372009413295281e6,3.051832137391235e6,1.320177275904034e6
2145.0667373608844,1.0e-5,5726.974987362803,5395.364525880463,18896.144089528963,1.0e-5,7402.755249840542,1.0e-5,557.3853287960719,16675.10612494479,1.0e-5,411.37405770170767,2189.407202472921,Sample 26,4.1485931833601847e9,4.6388995556642065e9,5.024652407122106e9,1.2618120752198203e9,4.90306372304022e8,8.1645264568158,1.261098555037429e7,8.291382934047475,2.061432985271731e7,8.037669979584125,4.363403307482411e6,2.600499601819813e6,1.7629037056625898e6
7161.553578216961,1.0e-5,471.99811825334274,4880.986569720434,25339.19662619302,1.0e-5,8355.724305450969,1.0e-5,1.0e-5,14579.09341585478,1.0e-5,2091.2251926219515,1828.1471797945492,Sample 27,4.2413800905269985e9,4.697013447137419e9,5.097963124530967e9,1.2575327113975158e9,4.5563335661042e8,8.648586441419878,1.2840931380085588e7,8.68496622398656,1.7130365880896885e7,8.612206658853186,6.591121464378257e6,2.71251761897646e6,3.8786038454017956e6
4166.530597407031,1.0e-5,4215.953599098892,5387.686989736174,19346.27747066577,1.0e-5,7965.797688982994,1.0e-5,1.0e-5,15535.938194018674,1.0e-5,1471.3633358165628,1370.803634938033,Sample 28,4.0409855377114944e9,4.589329076149049e9,5.02676872098054e9,1.4232228281005363e9,5.483435384375545e8,10.215021790464188,1.533714785478407e7,10.324486259273261,2.1785277352143172e7,10.105557321655116,6.910629538170721e6,3.204318978734915e6,3.7063105594357955e6
4936.8450174179225,1.0e-5,2994.661239299723,6423.459542011127,21380.25867280022,1.0e-5,8360.670452756407,1.0e-5,1.0e-5,16419.040113132327,1.0e-5,183.95568759143075,745.4150213443205,Sample 29,4.1438112661001496e9,4.629705495607803e9,5.033113021046738e9,1.292709280385522e9,4.858942295076538e8,8.680742734320523,1.5349835455030214e7,9.128915336063853,1.727039934731152e7,8.232570132577193,4.2634075728967665e6,3.1673704820881938e6,1.0960370908085648e6
1237.970572458102,1.0e-5,7017.6675864042845,5837.980634294474,21344.35735815007,1.0e-5,9057.552360211626,1.0e-5,1.0e-5,15408.199207362679,1.0e-5,1245.9683407639395,949.482051709094,Sample 30,4.081736401208181e9,4.599966358155099e9,5.017201605021624e9,1.3527004506799686e9,5.182299569469184e8,9.465453329720651,1.2350675774923153e7,9.519050166771688,2.2421315761295702e7,9.41185649266961,6.202613085901426e6,2.630294191639963e6,3.572318894261443e6
2821.43774241606,1.0e-5,5610.858181044362,5397.5287993442125,19242.842187288334,1.0e-5,7426.817902552503,1.0e-5,544.973543863171,15991.593076414092,1.0e-5,1337.4567835510875,468.0782041790552,Sample 31,4.104378290859415e9,4.615887145128076e9,5.015352208349267e9,1.3104389807110448e9,5.1150885426866037e8,8.735867798739765,1.3424203864092398e7,8.843948595715187,2.134341386418124e7,8.627787001764336,5.959980396268991e6,2.7340039033383075e6,3.225976492930695e6
3408.257699554906,1.0e-5,4901.890516992703,6365.415944527216,18654.16588682099,1.0e-5,9880.641274464802,1.0e-5,1.0e-5,16327.081919128943,1.0e-5,123.0780611669201,1210.8102780650313,Sample 32,4.0722812309499683e9,4.594578839836748e9,5.013690661584528e9,1.3605212523823385e9,5.2229760888677967e8,9.069274339214454,1.5643382067364726e7,9.225551244696495,1.9814027724173073e7,8.91299743373241,4.55856070820353e6,3.2471641305206884e6,1.311396577682832e6
3587.2860549564107,1.0e-5,4978.105894740833,5426.1253281963845,20354.209944711143,1.0e-5,9604.181417855356,1.0e-5,1.0e-5,15598.108949619074,1.0e-5,1298.832966075828,1215.6628064729593,Sample 33,4.1249843375597878e9,4.618402078806549e9,5.009168966630743e9,1.274951516895149e9,4.934177412467614e8,8.2723211357908,1.316963306721008e7,8.34620338521319,2.012693763618609e7,8.198438886368411,5.930534709865406e6,2.803138328583386e6,3.1273963812820283e6
2035.7457374554144,1.0e-5,6775.057828005433,5363.809969169956,19290.229666446347,1.0e-5,9911.46962201778,1.0e-5,1.0e-5,15321.569891634665,1.0e-5,1722.3199878363605,686.9171400459294,Sample 34,4.0576774429661427e9,4.590921227555195e9,5.012913694711089e9,1.3772287189008408e9,5.3324378458905214e8,9.25636751300147,1.3077401774457091e7,9.362689291535393,2.307816610260195e7,9.150045734467554,7.045567469775041e6,2.768562401225775e6,4.277005068549263e6
6089.625966927123,1.0e-5,2274.5805079058655,6126.355018815622,19635.288395810414,1.0e-5,10514.211651490828,1.0e-5,1.0e-5,15172.480661527032,1.0e-5,1068.319641200061,1098.2005682450274,Sample 35,4.0756764157764797e9,4.599617679769981e9,5.021724311249901e9,1.3681545269533412e9,5.2394126399350137e8,9.52081357809284,1.6535451995808415e7,9.555551182986774,1.8940068843955345e7,9.486075973198913,6.149559093298393e6,3.4286899364714944e6,2.7208691568268957e6
3053.1846833539416,1.0e-5,5004.6689709084785,6308.204299561428,20348.252914016233,1.0e-5,11728.623875308054,1.0e-5,1.0e-5,14985.223772401987,1.0e-5,1218.7133968579935,1200.092076502982,Sample 36,4.101485839125544e9,4.604557800819094e9,5.013320569282059e9,1.3205974986194797e9,5.030719616935498e8,9.157168920604919,1.3203008535816597e7,9.183510538836382,2.0659227110465825e7,9.130827302373454,6.066596329386279e6,2.7561360129154315e6,3.310460316470837e6
3403.6418072029974,1.0e-5,4988.683511714998,5869.019200413677,19889.615834444478,1.0e-5,9533.231398151807,1.0e-5,1.0e-5,15466.113838662455,1.0e-5,1183.704330872466,1083.786201577114,Sample 37,4.072276198724467e9,4.594286992124653e9,5.009713470227408e9,1.3528637496056974e9,5.220107934001863e8,9.16135409592523,1.4328932672039956e7,9.219723579626127,2.0955249249602415e7,9.102984612224324,6.193526089893626e6,3.013310577426509e6,3.180215512467111e6
3340.111114405593,1.0e-5,4723.8367969242445,5942.242958405117,20339.778285991844,1.0e-5,10634.046854038868,1.0e-5,1.0e-5,14909.653079902862,1.0e-5,2058.5476916063067,833.4721850517831,Sample 38,4.1128925222409563e9,4.615885975975792e9,5.018696429297516e9,1.3086143603782828e9,5.029934537348361e8,8.826076176433528,1.2386554960342584e7,9.150829159420292,2.155615125260748e7,8.50132319344676,7.16487195327119e6,2.6012593488378054e6,4.563612604433392e6
2834.0030146634053,1.0e-5,5564.481817082206,5688.739355127366,19601.73272901888,1.0e-5,10466.467084147489,1.0e-5,1.0e-5,15722.722757572057,1.0e-5,1257.3853180437561,906.36168191277,Sample 39,4.1180701912891417e9,4.61345459919204e9,5.008872954100355e9,1.2862211177195277e9,4.953844079028985e8,8.522547108443606,1.2758023751407165e7,8.669874800000004,2.076114905195327e7,8.375219416887209,5.819227718767764e6,2.7017729424673305e6,3.1174547763004457e6
3731.8259367608916,1.0e-5,4860.589433183406,5931.868779873809,20403.773724546474,1.0e-5,10308.947082665223,1.0e-5,1.0e-5,15346.93365473412,1.0e-5,1213.2007178103925,724.5194851738943,Sample 40,4.1017863946394167e9,4.606662424294758e9,5.009189748292001e9,1.3099306776498253e9,5.0487602965534145e8,8.79644044041168,1.4034645206624772e7,8.848544157992022,2.005996891561654e7,8.74433672283134,6.040949059888059e6,2.9482428759787045e6,3.092706183909356e6
2831.1076276798494,1.0e-5,5821.917921175428,5615.857203256456,19730.450331301683,1.0e-5,10603.724211181332,1.0e-5,1.0e-5,15179.82027669631,1.0e-5,1557.7295800148163,997.3693883829274,Sample 41,4.0864991940372972e9,4.601311353568339e9,5.008923410679765e9,1.330036273753893e9,5.1481215953104204e8,8.79929702890149,1.3061486438953456e7,8.86978069699643,2.1765821905831646e7,8.728813360806557,6.642113552375736e6,2.7593199133116147e6,3.882793639064112e6
2281.974662207041,1.0e-5,6139.194291434213,5879.781354715232,20593.380761406326,1.0e-5,9836.648845523585,1.0e-5,1.0e-5,15620.293464605244,1.0e-5,1058.4119003116043,915.9595856086572,Sample 42,4.1050281822830396e9,4.607265555752251e9,5.008819709719889e9,1.3053456814044878e9,5.022373734692113e8,8.676793624952738,1.2807198629548982e7,8.734385831169922,2.1027174667989988e7,8.619201418735562,5.719603952046825e6,2.7178650797687764e6,3.001738872278036e6
3192.1550994768127,1.0e-5,5243.147856490467,5780.592361719065,20246.09849460461,1.0e-5,10114.219259518475,1.0e-5,1.0e-5,15499.039616144713,1.0e-5,1243.3771371270955,974.6566691998031,Sample 43,4.1095451351547422e9,4.609431758833158e9,5.00765217725767e9,1.2963274605274403e9,4.998866236784154e8,8.541645249023313,1.3238423621860165e7,8.604261872379753,2.0503951627617262e7,8.479028625666881,5.959453857209663e6,2.7996947478199126e6,3.159759109389755e6
2407.782321378413,1.0e-5,5792.546989519916,5690.2200985875725,20398.994404379624,1.0e-5,10702.330818726716,1.0e-5,1.0e-5,15258.404292656303,1.0e-5,1449.0430280869914,1376.1230323915938,Sample 44,4.1189352883301735e9,4.613352287842887e9,5.01017962886454e9,1.2880716815560198e9,4.944169995127135e8,8.69053328283974,1.2158668419276465e7,8.744955461751735,2.11123201249861e7,8.636111103927751,6.171863357106037e6,2.589984394770985e6,3.5818789623350394e6
3094.115525818498,1.0e-5,5159.475386509354,5939.571508582527,20326.158658382214,1.0e-5,9627.646186561617,1.0e-5,1.0e-5,15830.07596483404,1.0e-5,885.9753250496875,1098.8153241997659,Sample 45,4.11384272273961e9,4.610967121743851e9,5.009202734257104e9,1.293595624030747e9,4.9712439900424063e8,8.591388031400966,1.3489072979573114e7,8.708576959546313,2.0032217173256706e7,8.474199103255621,5.392746390120785e6,2.849376854705593e6,2.5433695354151847e6
3227.921713963035,1.0e-5,5150.890349856037,5866.66736525879,19767.18597662359,1.0e-5,10182.560804373345,1.0e-5,1.0e-5,15632.546308642977,1.0e-5,1058.4452303957405,1079.2563128635538,Sample 46,4.0986963581543612e9,4.604286040462088e9,5.0081276827628975e9,1.3132729669093459e9,5.055896823077265e8,8.761721677987818,1.3583495610386241e7,8.829024290233148,2.059285171760935e7,8.694419065742494,5.757266494686756e6,2.857993089582867e6,2.899273405103864e6
2796.7595185406644,1.0e-5,5476.991140145367,5840.6736356366355,20733.52489599681,1.0e-5,10092.214085162672,1.0e-5,1.0e-5,15149.46111111713,1.0e-5,1596.0057105337783,943.7552344425941,Sample 47,4.1036730685677314e9,4.607418848664555e9,5.008429978019808e9,1.3057680388073292e9,5.037457800968231e8,8.75220861993279,1.2658115034749694e7,8.863655716278094,2.127577883905507e7,8.640761523587486,6.549049944474875e6,2.683233980788279e6,3.865815963686594e6
3476.409932923249,1.0e-5,4932.763848139438,5848.953241180151,20227.52370299673,1.0e-5,9743.339075055856,1.0e-5,1.0e-5,15608.750832922331,1.0e-5,1104.6319530317,985.5054576573193,Sample 48,4.1036416911993446e9,4.606982125074003e9,5.007838736561929e9,1.30505365685051e9,5.033404338746589e8,8.8589567094518,1.377654440095471e7,8.91830285246797,2.0211094372632854e7,8.799610566435632,5.812291070622563e6,2.907645498921411e6,2.904645571701151e6
2917.533798449737,1.0e-5,5504.610846301378,5761.648369445457,20020.430118173674,1.0e-5,9753.07246134538,1.0e-5,1.0e-5,15656.715911355253,1.0e-5,1167.2529576612912,986.6673589076513,Sample 49,4.100333804165075e9,4.605632472222739e9,5.007683139108117e9,1.3094000018284214e9,5.0529866805766404e8,8.822238308086536,1.3291312287657086e7,8.95455497109851,2.084469490981183e7,8.689921645074564,5.889790183564032e6,2.8128092675450197e6,3.0769809160189987e6
3395.6791126525154,1.0e-5,4960.797194648329,5859.622475690177,20252.633010058955,1.0e-5,9897.23570756009,1.0e-5,1.0e-5,15481.730782915303,1.0e-5,1246.5367075173667,1012.5998481978979,Sample 50,4.1039715813283772e9,4.607379908821948e9,5.007736187278875e9,1.3041208844074254e9,5.0340832749357057e8,8.667737310712036,1.3494277409440322e7,8.776037349968496,2.0492100334816158e7,8.559437271455577,6.0253496495743e6,2.850621788917217e6,3.1747278606570745e6
3046.410047786809,1.0e-5,5317.590479127313,5866.280918939322,20309.821144093876,1.0e-5,10036.896206962481,1.0e-5,1.0e-5,15448.889319323043,1.0e-5,1252.636974891065,981.5667122258491,Sample 51,4.1022077333616676e9,4.6060508806674385e9,5.007600417440478e9,1.3069422208518505e9,5.038431473057709e8,8.749171516782193,1.3174962429645492e7,8.806579806805294,2.082113963669297e7,8.691763226759088,6.038561876739727e6,2.7838423936486896e6,3.2547194830910363e6
3237.526424811468,1.0e-5,5171.89960939413,5855.511573664033,20080.843973282364,1.0e-5,9927.604391646582,1.0e-5,1.0e-5,15647.225780015913,1.0e-5,1075.5187158985436,970.4856823903549,Sample 52,4.1034603103218446e9,4.606415883975706e9,5.007553034345028e9,1.3052298743925054e9,5.0295557365386164e8,8.800399824637681,1.357168542888248e7,8.892146881327458,2.0400484620128535e7,8.708652767947912,5.750331662453696e6,2.8657375863176063e6,2.8845940761360885e6
3214.9056160365844,1.0e-5,5189.524648237602,5821.654717714297,20125.307563598366,1.0e-5,9899.640503194094,1.0e-5,1.0e-5,15556.889691837723,1.0e-5,1199.5831758458528,977.2777518336034,Sample 53,4.10210417715475e9,4.606305862296849e9,5.007530305549912e9,1.3066505716482263e9,5.0420168514209914e8,8.710569250577615,1.3417706346497722e7,8.802421985045159,2.063697731747194e7,8.618716516110066,5.949924383949247e6,2.8336939407283748e6,3.1162304432208445e6
1.0e-5,18688.708395571022,1.0e-5,1.0e-5,7107.299115546247,16039.797394038897,1.0e-5,1.0e-5,13723.993962671006,1.0e-5,981.4179587016754,1.0e-5,1.0e-5,Sample 54,3.959321224235856e9,4.854594447314797e9,5.420294915360602e9,2.0266741591705518e9,8.952732230789412e8,13.575694444444443,1.781744919889434e7,13.575694444444448,4.451219133012079e7,13.575694444444448,1.166380077526708e7,2.868854145289137e6,8.794946629977962e6
1.0e-5,1.0e-5,1.0e-5,17652.669661589967,36224.973785490285,1.0e-5,1.0e-5,1803.2356823503692,6324.791970483531,1.0e-5,8281.74073421862,1.0e-5,1.0e-5,Sample 55,3.88758663806658e9,4.817055330900003e9,5.307570408036674e9,1.9104988471067631e9,9.29468692833424e8,11.778402777777783,3.3210670201448895e7,11.012777777777782,3.0488677406528894e7,12.544027777777789,2.7201097411934122e7,2.114013412514358e7,6.060963286790556e6
1.0e-5,1078.974316266078,1.0e-5,16714.03231967147,11148.692395267499,16067.920769213291,1.0e-5,5248.894297406161,13328.404079502478,1.0e-5,1142.4398258205445,1.0e-5,1.0e-5,Sample 56,4.020242137890217e9,4.741362311130304e9,5.229767286995324e9,1.6979301249701269e9,7.211201732400879e8,10.911805555555558,1.4635312802465493e7,10.91180555555556,3.408113163096895e7,10.91180555555556,9.515405228083968e6,2.6921903490302856e6,6.823214879053713e6
1.0e-5,9779.002735526194,1.0e-5,5992.089558028382,26420.400574189884,1.0e-5,1.0e-5,6358.865642256269,14607.433804952172,1.0e-5,1.0e-5,1.0e-5,1.0e-5,Sample 57,4.112725083179196e9,4.705927769973446e9,5.221152253599389e9,1.6236516540461373e9,5.932026867942504e8,11.093750000000004,1.1583011194602083e7,10.61347222222222,2.7878419018580824e7,11.574027777777784,5.6826822193166e6,0.027357100000000027,5.6826821919594975e6
1.0e-5,4013.092462539623,1.0e-5,8603.794438243507,12485.670720855906,1.0e-5,1.0e-5,3339.8941533815605,17947.39707649847,1365.0735588597643,1624.741002110034,1.0e-5,1.0e-5,Sample 58,4.1183015889410415e9,4.698784653875554e9,5.154401356460762e9,1.4917164701049292e9,5.804830649345129e8,10.153194444444447,2.3842728877896793e7,10.149027777777778,1.6902076139036037e7,10.157361111111111,6.428079314670907e6,3.084042389943131e6,3.3440369247277966e6
1.0e-5,5628.439048745312,1.0e-5,8605.864241185642,26350.822148578958,1.0e-5,6237.1263997697615,1.0e-5,9105.168033518308,3307.703509708701,4148.631636633841,1.0e-5,1.0e-5,Sample 59,4.081601278554504e9,4.667216692571868e9,5.103769772195453e9,1.4587215732645338e9,5.856154140173637e8,9.910555555555556,1.898429083299108e7,9.909722222222225,2.026435904976431e7,9.91138888888889,1.2332303762147635e7,8.590381181394357e6,3.7419225807532906e6
1.0e-5,5069.354126091114,1.0e-5,10061.492352749623,21553.69420281069,1.0e-5,7221.4187343607055,1.0e-5,15348.192838798343,50.152066913364685,1385.3462053532921,1.0e-5,1.0e-5,Sample 60,4.108078024288327e9,4.653474470085708e9,5.089007323519315e9,1.4164621526645942e9,5.453964457973801e8,9.625138888888891,1.660853673480005e7,8.884861111111114,2.040141908024974e7,10.365416666666672,6.90079853335131e6,2.632795131446859e6,4.2680034019044805e6
1.0e-5,4130.733666778254,1.0e-5,9370.536771563304,23274.60930962709,1.0e-5,5606.395111243181,1.0e-5,14561.727216908066,1464.882999446957,1.0e-5,1.0e-5,2510.4868774033557,Sample 61,4.1249475797237973e9,4.675029921423577e9,5.203556903356358e9,1.6071363055653393e9,5.500823416997803e8,11.563326311048108,1.2552616278711183e7,11.469496200126034,2.3630926070658345e7,11.657156421970182,4.652832769836944e6,0.027361554999999968,4.652832742475387e6
1.0e-5,9806.664935137109,1.0e-5,5014.3760761127505,19012.742807573137,1.0e-5,7236.236723487704,1.0e-5,14443.66252670497,1835.8289887212943,1.0e-5,1.0e-5,1350.7017266636306,Sample 62,4.0982131716613317e9,4.6532011900284195e9,5.080834708165318e9,1.4102550546408844e9,5.549880183670878e8,9.566051661121616,1.3549939290514141e7,9.542869556521744,2.43192896190885e7,9.58923376572149,4.825268288738993e6,0.02638816999999998,4.825268262350817e6
1.0e-5,4051.3226726608973,1.0e-5,10730.514192970775,20132.711905659624,1.0e-5,6925.937415354483,1.0e-5,14551.8086842972,1693.5390217362178,1062.8723636032937,1.0e-5,1.0e-5,Sample 63,4.1063488256637836e9,4.638727819188259e9,5.052204968759262e9,1.3593332926664817e9,5.323789935244756e8,9.032500000000002,1.5929163535474226e7,8.990972222222224,2.023346005897981e7,9.074027777777783,6.051723599340281e6,1.9988583963749707e6,4.052865202965316e6
1.0e-5,3432.2651089844567,1.0e-5,9341.1469807382,21475.6534633988,1.0e-5,5822.621176877445,1.0e-5,8351.557821469649,6663.344042195017,2644.6383262988984,1.0e-5,1882.4556858492926,Sample 64,4.102115772883885e9,4.647784324317608e9,5.084616830829819e9,1.4193335644581456e9,5.456685514337227e8,10.955300565805503,1.4453440743584823e7,10.955300565805507,2.2196361377252787e7,10.955300565805507,8.630634713772891e6,5.116182375664005e6,3.514452338108877e6
1.0e-5,6071.8151577008075,1.0e-5,8928.245724798757,21978.84658837845,1.0e-5,5942.136681521817,1.0e-5,7643.098439284077,8460.855909874568,290.4240228696938,1.0e-5,769.5692862983601,Sample 65,4.1036276004225125e9,4.6435710720521555e9,5.079900193927319e9,1.4126017153799684e9,5.399434716296427e8,9.328552382020588,7.846392919270291e6,9.899983751480786,2.8438008322936896e7,8.757121012560388,5.146883863644838e6,562009.3254990072,4.584874538145838e6
1.0e-5,3114.0075240271744,1.0e-5,11473.774009331673,23220.00018006927,1.0e-5,6240.841299834605,1.0e-5,8426.946081064476,7036.91843224183,1213.7671697532871,1.0e-5,569.6165238844577,Sample 66,4.107636237952881e9,4.636036861520289e9,5.045053619761252e9,1.3464341400493329e9,5.284006235674088e8,8.985810653014074,1.038840321498123e7,8.985810653014076,2.5048876341368522e7,8.985810653014076,6.454095640266343e6,2.2800070902917325e6,4.17408854997461e6
1.0e-5,4498.379122539202,1.0e-5,9852.141242514595,20816.721381354862,1.0e-5,7871.188559875916,1.0e-5,11640.112235070885,3890.065629253934,1095.058948569355,1.0e-5,1434.4007809751586,Sample 67,4.1114731455584655e9,4.6350165308074e9,5.041348396311996e9,1.336207116258127e9,5.2354338524893445e8,8.721009591850454,1.330918319107157e7,8.721009591850454,2.2025747103858024e7,8.721009591850454,6.1754650393075105e6,2.1092825090602427e6,4.066182530247258e6
1.0e-5,1313.5080809557046,1.0e-5,11901.730023334463,19483.9074744584,1.0e-5,7690.228807219798,1.0e-5,13141.282597873203,2878.6733061221066,1945.6016048895772,1.0e-5,1039.1714817835207,Sample 68,4.1195994000278254e9,4.6353211395777e9,5.037659984364936e9,1.3203994291243465e9,5.1572173954987437e8,9.01715240730939,1.678955665205779e7,9.016110740642725,1.8155562516530685e7,9.018194073976057,6.915266824183543e6,3.508458808233805e6,3.406808015949739e6
1.0e-5,3139.815560836152,1.0e-5,11764.356688436046,22770.210336168806,1.0e-5,9062.841290301287,1.0e-5,12510.828441730653,2692.570636532853,909.0031833041735,1.0e-5,445.5478605586516,Sample 69,4.1267977268413715e9,4.633613591557694e9,5.040300170523605e9,1.3201890226481445e9,5.06815864716323e8,8.684023562654904,1.269658505436917e7,8.680898562654907,2.1236013693821944e7,8.687148562654908,5.763041827103534e6,1.6657315847172495e6,4.0973102423862806e6
1.0e-5,3122.826187049848,1.0e-5,10765.35655778597,19868.11469299783,1.0e-5,7298.937768666303,1.0e-5,9897.070073350324,6493.002350973071,1085.2234306509276,1.0e-5,852.3792077901566,Sample 70,4.1197345451754045e9,4.631373434932596e9,5.032712349711679e9,1.3143167193153567e9,5.116388897571919e8,8.664923435496744,1.178156447271492e7,8.664923435496748,2.2880600052340798e7,8.664923435496748,5.734993829102299e6,1.974619756098173e6,3.760374073004129e6
1.0e-5,3710.4845577378865,1.0e-5,10236.798355424611,22195.794206175367,1.0e-5,8102.602639830958,1.0e-5,8517.918876851792,6982.986513766267,1175.9577333701504,1.0e-5,844.4932963268908,Sample 71,4.129020004144677e9,4.63242302735475e9,5.045149184774207e9,1.3288553380489879e9,5.0340302321007204e8,9.197914760428482,1.0281216402375909e7,9.197914760428485,2.3412700429682903e7,9.197914760428485,5.957892099073782e6,2.136294858873139e6,3.821597240200651e6
1.0e-5,1795.6892673239365,1.0e-5,12131.765250045846,21907.182675311862,1.0e-5,7656.219423239833,1.0e-5,9491.436549026368,6361.108249516591,1090.6992243674265,1.0e-5,925.3340618961512,Sample 72,4.125722577645004e9,4.631506256512019e9,5.035217391206711e9,1.3132059482563982e9,5.0578367886701506e8,8.896310854988453,1.0815229223905064e7,8.896310854988448,2.3107389885030366e7,8.896310854988448,5.799191728084183e6,1.9503454194221718e6,3.8488463086620085e6
1.0e-5,2734.9544518354924,1.0e-5,11077.329956281274,21290.52230949155,1.0e-5,8287.188704177557,1.0e-5,8206.629170656659,7217.439788651324,1997.492925895715,1.0e-5,224.39529250736072,Sample 73,4.124885875715749e9,4.632034026046037e9,5.037973980262788e9,1.3190280587637894e9,5.071481503302878e8,8.846947882923756,1.2299456645727208e7,8.846947882923759,2.1856966658964593e7,8.846947882923759,7.040499985748691e6,3.5859989582046443e6,3.45450102754405e6
1.0e-5,2753.7845157790866,1.0e-5,11315.858447425995,21447.863883690123,1.0e-5,7633.384282365312,1.0e-5,7940.268889710925,7986.127061479708,1201.5147966582533,1.0e-5,543.038700888482,Sample 74,4.124774866844326e9,4.630188002824883e9,5.032574114277485e9,1.3101853588857605e9,5.054131359805573e8,8.791121354505355,1.0135773493459616e7,8.791121354505359,2.3878152904000893e7,8.791121354505359,5.924755383584171e6,2.1569868881793153e6,3.7677684954048675e6
1.0e-5,3108.6614611255063,1.0e-5,11008.904867708967,21076.354712868117,1.0e-5,8429.984019631866,1.0e-5,9821.516706217766,5985.576826916745,1179.0238474824791,1.0e-5,575.8626629198841,Sample 75,4.1268823994850507e9,4.629998870171391e9,5.033232013754797e9,1.3095827578531532e9,5.0311647068633974e8,8.711614716278095,1.1760765298471851e7,8.711614716278097,2.2123193778861783e7,8.711614716278097,5.879568624897037e6,2.1265763060732824e6,3.752992318823752e6
1.0e-5,3206.4964990172757,1.0e-5,10687.557628712757,21078.36204670751,1.0e-5,7905.620738575865,1.0e-5,8094.90643877358,7642.0725058859425,1438.808298779134,1.0e-5,749.0852200307548,Sample 76,4.123473721808744e9,4.629758643139516e9,5.03095171856925e9,1.3086710721902406e9,5.062849213307717e8,8.79083913362739,1.0741017439955791e7,8.79083913362739,2.3377288259800047e7,8.79083913362739,6.286020427450298e6,2.6136068825698425e6,3.6724135448804544e6
1.0e-5,3060.4975379938383,1.0e-5,11117.238573890749,21797.14329438662,1.0e-5,7869.00726577177,1.0e-5,7685.412351072415,7960.4779658014795,1253.9919857836092,1.0e-5,681.5012735508711,Sample 77,4.1235131361812034e9,4.629617709020758e9,5.030757892275899e9,1.3083849393498366e9,5.061045728395542e8,8.627241662633896,1.0006553303491328e7,8.627241662633898,2.4012388208357397e7,8.627241662633898,6.08952909550099e6,2.278012684504081e6,3.8115164109969246e6
1.0e-5,3220.888321792217,1.0e-5,10829.288054488745,20644.89991860296,1.0e-5,7788.94822753133,1.0e-5,8705.512084912396,7490.709753274931,974.1787595536028,1.0e-5,666.570567797611,Sample 78,4.1251750359442296e9,4.629551233948841e9,5.031048245741104e9,1.3073702215891387e9,5.043761980046113e8,8.72053277588742,1.0458663326770188e7,8.720532775887419,2.358648722993283e7,8.720532775887419,5.549071862516591e6,1.75417960286062e6,3.7948922596559664e6
1.0e-5,2971.7830916966127,1.0e-5,10893.70215534769,20497.319118590014,1.0e-5,7629.254876769064,1.0e-5,8301.987919049689,7830.805003260626,1225.3714304605694,1.0e-5,744.1877990687682,Sample 79,4.123186005347505e9,4.629463558054166e9,5.02988109631554e9,1.3071126292294102e9,5.062775527066605e8,8.701702892207521,1.0475020252422106e7,8.701702892207521,2.3722685409863476e7,8.701702892207521,5.903672727324152e6,2.208041538163014e6,3.695631189161141e6
1.0e-5,3124.657216165169,1.0e-5,10907.438199360635,20837.646144873135,1.0e-5,7935.151765717,1.0e-5,8661.251539750388,7335.732359707427,1149.9210535306695,1.0e-5,670.4094198426809,Sample 80,4.124671485637642e9,4.62942847636011e9,5.030606636342869e9,1.3071133106879835e9,5.0475699072246873e8,8.649580732493172,1.0800052820172047e7,8.649580732493176,2.3244915155243028e7,8.649580732493176,5.827189247457239e6,2.0759546694522582e6,3.7512345780049735e6
1.0e-5,3078.540652077383,1.0e-5,10902.316169067419,20745.143740859367,1.0e-5,7733.586978966095,1.0e-5,8437.868707593907,7663.633461093224,1092.7665395216752,1.0e-5,742.5471195023554,Sample 81,4.124214748017364e9,4.629375294701264e9,5.03023623641036e9,1.306882430102093e9,5.051605466839002e8,8.617483499096833,1.0236153292607078e7,8.617483499096831,2.3847430066600706e7,8.617483499096831,5.734916856424971e6,1.9704923386588548e6,3.764424517766115e6
1.0e-5,3096.27008808278,1.0e-5,10905.1645355535,21121.63278155793,1.0e-5,7748.920613887938,1.0e-5,7889.73594110754,8047.759090224643,1196.8560000633531,1.0e-5,691.2455684966268,Sample 82,4.1244272078169546e9,4.629384245903139e9,5.03034525078875e9,1.306879047857405e9,5.04957038086185e8,8.882798799957996,1.0182145497356199e7,8.882798799957994,2.3841630554634407e7,8.882798799957994,5.911681253299094e6,2.160238770017156e6,3.751442483281929e6
1.0e-5,2928.1709779305033,1.0e-5,11042.668533842429,20956.18889732138,1.0e-5,7811.291202343446,1.0e-5,8383.826667400937,7600.042329320705,1191.533283892681,1.0e-5,708.1065230338139,Sample 83,4.1245021281143904e9,4.629368921854755e9,5.030357524666269e9,1.3068439993633912e9,5.0486679374036515e8,8.778778789077924,1.062749313150726e7,8.778778789077926,2.340516458018644e7,8.778778789077926,5.884687835521e6,2.146456333216079e6,3.738231502304923e6
1.0e-5,3134.82711233743,1.0e-5,10832.529908986447,20871.863642793356,1.0e-5,7757.646860157826,1.0e-5,8060.386604647215,7934.294329015798,1208.7909731289699,1.0e-5,700.9609945914672,Sample 84,4.124029522773566e9,4.629349127525099e9,5.030032279666191e9,1.3066859090337174e9,5.053196047515326e8,8.877272583994959,1.0423206956736058e7,8.877272583994964,2.366055538218673e7,8.877272583994964,5.9135081101669455e6,2.1829253213535403e6,3.730582788813404e6
1.0e-5,3104.641846439534,1.0e-5,10885.977226662782,20948.794997296314,1.0e-5,7763.89479534245,1.0e-5,8087.415187530029,7905.769441890446,1177.9115850883272,1.0e-5,695.4990491914193,Sample 85,4.124311272992337e9,4.62934071797431e9,5.030158582364271e9,1.3066651737618954e9,5.050294449819722e8,8.648989492963667,1.0348229202338375e7,8.648989492963668,2.3703616168737493e7,8.648989492963668,5.871656150164007e6,2.1256005872162892e6,3.74605556294772e6
1.0e-5,3098.477782070555,1.0e-5,10877.466417473304,20850.36631931175,1.0e-5,7762.107568788345,1.0e-5,8189.703124484934,7835.8696839232625,1171.941453601303,1.0e-5,701.8450896118208,Sample 86,4.1242372850999317e9,4.6293413765487795e9,5.0301242880045595e9,1.306669914360409e9,5.051040914488474e8,8.78353684566268,1.0445283826886063e7,8.783536845662681,2.3624304688679893e7,8.783536845662681,5.854876063049264e6,2.1142556975374855e6,3.740620365511781e6
1.0e-5,3083.2539927327844,1.0e-5,10904.564138193673,20939.91451300476,1.0e-5,7755.53793628526,1.0e-5,8105.32858784813,7897.809947987815,1172.4845213134417,1.0e-5,696.8476373101691,Sample 87,4.124323520475136e9,4.62933888315911e9,5.030162262463142e9,1.30666212129204e9,5.050153626839741e8,8.69462105834909,1.034960225848721e7,8.69462105834909,2.3701897654579706e7,8.69462105834909,5.861565049944475e6,2.1149238272992745e6,3.746641222645208e6
8413.52621744037,1.0e-5,4130.570414412678,1.0e-5,22945.173708763363,1.0e-5,27829.300593380376,1.0e-5,1.0e-5,4020.6280401313984,1.0e-5,8088.117118632997,6259.684774718813,Sample 88,4.02222411505503e9,4.880321646382082e9,5.6656590078737e9,2.428772254310287e9,8.580975313270526e8,16.523252357445916,2.015440025075537e7,16.5135301352237,3.750552348380484e7,16.532974579668146,2.7200285641996153e7,3.815862204927633e6,2.3384423437068496e7
1.0e-5,1.0e-5,16348.265846572776,1.0e-5,27496.600942467107,1.0e-5,28757.073332741435,1.0e-5,1.0e-5,7920.712600728876,1.0e-5,1471.097195234799,4351.107868278599,Sample 89,4.119730066235466e9,4.745505136446995e9,5.303601514420562e9,1.7419678261586626e9,6.257750702115289e8,11.15062702961563,3.106699802860528e7,11.13451591850452,9.79483032643834e6,11.166738140726745,9.209317876487425e6,6.043429844091548e6,3.165888032395892e6
9984.826053625116,1.0e-5,8303.853476532018,1.0e-5,25582.177297288043,1.0e-5,24556.091187622682,1.0e-5,1.0e-5,7700.296309692294,1.0e-5,3359.9934658141397,612.9804900816631,Sample 90,4.0597620313787737e9,4.712456508946578e9,5.19263283611661e9,1.6130471319078684e9,6.52694477567804e8,10.725660376097464,2.7346244775315613e7,10.713160376097463,1.7068048595119387e7,10.738160376097463,1.359176133930671e7,5.487906430518639e6,8.103854908788096e6
5149.524099622309,1.0e-5,9336.859280316852,1.0e-5,16483.46811781491,1.0e-5,20503.228324319567,1.0e-5,1.0e-5,12355.92481513293,1.0e-5,1559.3657925220102,5845.970712644902,Sample 91,4.1020268222048535e9,4.695175721144435e9,5.185301872157154e9,1.5734012009650185e9,5.931488989395813e8,10.756653791430375,2.335220374110775e7,10.755959346985934,1.72362879817213e7,10.757348235874822,8.708116561056415e6,4.850248263396303e6,3.857868297660157e6
4150.022361801588,1.0e-5,12462.358817610986,1.0e-5,24148.918923789803,1.0e-5,21433.440255316968,1.0e-5,1.0e-5,11368.335544892025,1.0e-5,1.0e-5,3577.571509843337,Sample 92,4.1181532745722966e9,4.659964324553033e9,5.110743737125149e9,1.4433698751249666e9,5.418110499807361e8,10.128312118504518,2.7259347172014553e7,10.119872118504517,8.517891637657754e6,10.136752118504516,5.598343298916642e6,5.598343266719461e6,0.03219718
1.0e-5,1.0e-5,16143.618835537254,1.0e-5,20725.642247884713,1.0e-5,19171.10869754986,1.0e-5,1.0e-5,12086.139430506591,1.0e-5,2555.217589666001,1250.369167029603,Sample 93,4.098295515492989e9,4.659269623805265e9,5.09198834153519e9,1.4264115437721248e9,5.609741083122765e8,9.65203261919765,2.097562651449648e7,9.649767730308762,1.707078186825134e7,9.654297508086541,9.42511773092644e6,4.259488371712837e6,5.165629359213601e6
6998.881126485878,1.0e-5,9337.236951032142,1.0e-5,19404.249735044694,1.0e-5,17380.027676721762,1.0e-5,1.0e-5,14225.722455828038,1.0e-5,1.0e-5,1322.47008081597,Sample 94,4.132162288890717e9,4.650305953866519e9,5.070051171304144e9,1.3576340998510516e9,5.181436649758016e8,9.017845629489603,2.3273408502327014e7,9.016539372400755,1.1940354764671348e7,9.019151886578454,4.795477641676479e6,4.795477614270925e6,0.027405549999999973
4324.548743697745,1.0e-5,10921.435324419659,1.0e-5,23170.350872351446,1.0e-5,17481.526893377355,1.0e-5,1.0e-5,11387.148137036444,1.0e-5,2692.5458577819086,2353.8613682845307,Sample 95,4.120594465645039e9,4.645301378384285e9,5.056688727929748e9,1.3474816118301716e9,5.24706912739246e8,8.964184775131274,1.8534432262703866e7,8.960584552909053,1.6500703865884176e7,8.9677849973535,9.420274162985543e6,3.946888163486668e6,5.473385999498878e6
2570.0090189035986,1.0e-5,13497.41350666077,1.0e-5,22896.651493594447,1.0e-5,17768.087805229254,1.0e-5,1.0e-5,13005.8305627057,1.0e-5,768.1549205848914,1299.825424172742,Sample 96,4.1315800425134106e9,4.639054525743093e9,5.055929596257992e9,1.3412246242594812e9,5.0747448322968173e8,9.333637800840158,2.1924938283066142e7,9.329364467506828,1.1924336344723528e7,9.337911134173494,5.959858107342886e6,4.519629577047719e6,1.4402285302951692e6
3054.918790711772,1.0e-5,12205.63922550785,1.0e-5,19381.00140246855,1.0e-5,16163.908123184221,1.0e-5,1.0e-5,14707.644256974234,1.0e-5,1.0e-5,2417.397883691885,Sample 97,4.1326516851857557e9,4.635736414588771e9,5.050311290707331e9,1.3322344816401358e9,5.030847294030154e8,8.876997094980048,2.1479619636029605e7,8.878216042680112,1.2419148207254233e7,8.875778147279986,4.484090979924111e6,4.484090950272179e6,0.02965192999999997
5338.819139933331,1.0e-5,10470.585613920563,1.0e-5,22377.990424144828,1.0e-5,16473.85139729328,1.0e-5,1.0e-5,13402.467004726184,1.0e-5,188.4615752895052,2337.746573288047,Sample 98,4.133123572625888e9,4.635098546376845e9,5.045210661328146e9,1.3221992036535585e9,5.019749737509571e8,8.92265940634321,2.2366358068213545e7,8.919774961898762,1.1094230711098023e7,8.925543850787651,5.062423963859251e6,4.6959351121937595e6,366488.85166549834
2803.0385462780414,1.0e-5,12111.654130352015,1.0e-5,20941.44788738055,1.0e-5,15932.953731060767,1.0e-5,1.0e-5,13590.194260706576,1.0e-5,1342.4228398150622,2095.8473801463224,Sample 99,4.1308125369069924e9,4.632554406068811e9,5.0397446657466545e9,1.3161223885175061e9,5.017418691618193e8,8.943268442134006,1.8956667275834844e7,8.942314589161944,1.4669975737463485e7,8.944222295106071,6.544159332910615e6,4.002521613898145e6,2.5416377190124616e6
4290.888428987597,1.0e-5,11551.146055717742,1.0e-5,21015.55934601363,1.0e-5,15813.489168800787,1.0e-5,1.0e-5,14406.220726312407,1.0e-5,6.906557691907925,1390.397143395521,Sample 100,4.1342701161414533e9,4.63162754852886e9,5.040222534740777e9,1.314547404811241e9,4.973574323874069e8,8.912570524217607,2.1744767909031127e7,8.912695822684313,1.1662535498634595e7,8.912445225750895,4.541939004966277e6,4.52900766130396e6,12931.3436623165
3868.42123487919,1.0e-5,11034.591611741713,1.0e-5,20324.21473091715,1.0e-5,15417.196910250426,1.0e-5,1.0e-5,14459.665398283692,1.0e-5,380.5243624781513,2200.107903743004,Sample 101,4.137136924218364e9,4.630750614915646e9,5.041268833776239e9,1.3146501284184709e9,4.936136906972816e8,9.236711609073724,2.0085983905697733e7,9.237884018651544,1.3020007453355728e7,9.235539199495905,4.944031040157813e6,4.231113736827467e6,712917.3033303501
3384.9369690872422,1.0e-5,12132.432698567716,1.0e-5,21756.23666514558,1.0e-5,15808.781755362294,1.0e-5,1.0e-5,14119.77909871379,1.0e-5,105.04307601622818,1946.3793455104276,Sample 102,4.1364223648034863e9,4.630477691340402e9,5.038804677749151e9,1.3107092993544142e9,4.940553265369154e8,9.13754243083386,2.1490875486886855e7,9.135495191178324,1.1486235131238349e7,9.139589670489393,4.687152467774054e6,4.492283123691766e6,194869.34408228777
3326.8383192930196,1.0e-5,11915.896529820757,1.0e-5,20589.061500991982,1.0e-5,15476.629602392562,1.0e-5,1.0e-5,14431.32309395664,1.0e-5,423.09470527848885,1721.9675356617292,Sample 103,4.1348446598721056e9,4.629835165430805e9,5.036706481612783e9,1.308733137922656e9,4.9499050555869925e8,9.211565643100194,2.031222781870474e7,9.212577830455787,1.2923182776759846e7,9.210553455744595,5.038634849235857e6,4.254901244365891e6,783733.604869973
3923.6715555732217,1.0e-5,11453.483713591022,1.0e-5,21046.333481816295,1.0e-5,15506.023164565517,1.0e-5,1.0e-5,14278.175639373982,1.0e-5,222.51183971794848,1989.3068818113643,Sample 104,4.134453872132643e9,4.629744135381944e9,5.036643753673004e9,1.3090894998314202e9,4.9529026324930066e8,8.807031957361904,2.0981420161510143e7,8.807905255828612,1.2194773394249653e7,8.806158658895193,4.823577462755621e6,4.404080096734721e6,419497.36602089804
3298.820599799592,1.0e-5,11750.518586362134,1.0e-5,20862.785880578038,1.0e-5,15408.732840524188,1.0e-5,1.0e-5,14223.805700093495,1.0e-5,554.3673091853502,2078.292111386657,Sample 105,4.1350438204703016e9,4.62955257949855e9,5.0361034329751425e9,1.3076104659814327e9,4.9450875902824885e8,8.801096376601553,2.004889872521323e7,8.801205786179375,1.3070387004283626e7,8.800986967023734,5.251900333789577e6,4.21960370703644e6,1.032296626753134e6
3481.944051463199,1.0e-5,11394.78232756218,1.0e-5,20226.553825256447,1.0e-5,15207.690296636336,1.0e-5,1.0e-5,14346.34339848375,1.0e-5,785.9218307216444,1958.848040970434,Sample 106,4.133951844110714e9,4.629552628781724e9,5.035351453504712e9,1.3071984341169875e9,4.956007846710098e8,8.82078621398866,1.9305578148135055e7,8.82318932614997,1.4002518043750128e7,8.818383101827353,5.542006169199789e6,4.072871965160991e6,1.469134204038797e6
3560.619914986809,1.0e-5,11479.962494720994,1.0e-5,20635.916718539815,1.0e-5,15318.41797345916,1.0e-5,1.0e-5,14291.431801133635,1.0e-5,595.1907996904347,1975.8370525765288,Sample 107,4.134680822589891e9,4.629416075242521e9,5.035557186108431e9,1.3070174743844497e9,4.9473525265263003e8,9.186840483553874,1.9871771373936776e7,9.187021373492968,1.331411990332872e7,9.186659593614788,5.295658455445018e6,4.184424731919757e6,1.111233723525262e6
3274.125052312048,1.0e-5,11702.270235723969,1.0e-5,20425.32212467302,1.0e-5,15267.981213753841,1.0e-5,1.0e-5,14415.601103813653,1.0e-5,568.5111011142922,1981.0198255258138,Sample 108,4.135035373863149e9,4.629385556611383e9,5.035632953841823e9,1.3068449772091115e9,4.9435018274823403e8,9.18271089531611,1.9790811272471726e7,9.184072340810753,1.3390316037125058e7,9.181349449821466,5.22123361557433e6,4.164587388493489e6,1.0566462270808455e6
3323.5707957947843,1.0e-5,11733.557077138837,1.0e-5,20602.445238091957,1.0e-5,15325.548335667801,1.0e-5,1.0e-5,14319.181458779072,1.0e-5,623.3275988999653,1883.885707518117,Sample 109,4.134495814332644e9,4.629375658710232e9,5.035371837099515e9,1.306872201156155e9,4.948798443775876e8,8.824279595085068,1.9811861664737217e7,8.824460485024156,1.3395749077993127e7,8.82409870514598,5.326137715437117e6,4.1667542556322673e6,1.1593834598048548e6
3430.5579309683185,1.0e-5,11552.981709770289,1.0e-5,20584.18914672185,1.0e-5,15286.245055256637,1.0e-5,1.0e-5,14300.749601238405,1.0e-5,631.2828616049668,2011.4325040457215,Sample 110,4.1346971110252423e9,4.629351169870737e9,5.035387542800272e9,1.306726804704565e9,4.9465405884549445e8,8.787785865406427,1.9749103253195297e7,8.788084310901073,1.3431593254225107e7,8.787487419911784,5.337839736064822e6,4.160600089799565e6,1.1772396462652576e6
3450.2765900034988,1.0e-5,11589.842944429232,1.0e-5,20717.70447181619,1.0e-5,15321.342503976095,1.0e-5,1.0e-5,14301.229697897126,1.0e-5,535.4432998841205,2035.1094078023748,Sample 111,4.1351111268131375e9,4.629353761665083e9,5.03560447357671e9,1.306744058675197e9,4.942426348519459e8,9.203970215542958,1.99956480940675e7,9.204982402898553,1.3133927749568233e7,9.202958028187357,5.207245697196747e6,4.209421583167461e6,997824.1140292847
3446.598130557548,1.0e-5,11597.98802728297,1.0e-5,20641.766079753525,1.0e-5,15310.919528662782,1.0e-5,1.0e-5,14329.32249640075,1.0e-5,546.3835578271809,1989.307344182698,Sample 112,4.1349597467706394e9,4.6293410331783e9,5.035489929152052e9,1.3066790783551626e9,4.943812864076608e8,9.183078485906323,1.9951583086981107e7,9.18325937584541,1.3204502802151714e7,9.182897595967232,5.216932285739022e6,4.198928120098603e6,1.0180041656404106e6
3422.7218831600885,1.0e-5,11608.763460066713,1.0e-5,20638.496301435767,1.0e-5,15306.673281383533,1.0e-5,1.0e-5,14327.478105387629,1.0e-5,553.3129028382045,2002.58649415257,Sample 113,4.1349878206030154e9,4.629338615415475e9,5.03549229156206e9,1.3066581471056302e9,4.943507948124592e8,9.186738449989498,1.992938632269228e7,9.186919339928583,1.3222839145909075e7,9.186557560050405,5.225617121337504e6,4.19486000896198e6,1.0307571123755235e6
